Date,Time,Time_Block,Event,Site,Anemone_ID,Treatment,Bin,Open_Closed,Bucket_Temp,Out_Temp
11/6/2021,9:48,0,Heatwave Day 1,Foreshore,A25F,25C,A,Open,12,13
11/6/2021,9:48,0,Heatwave Day 1,Bluestone,A47B,25C,A,Open,12,13
11/6/2021,9:48,0,Heatwave Day 1,Bluestone,A55B,25C,A,Open,12,13
11/6/2021,9:50,0,Heatwave Day 1,Foreshore,A15F,25C,B,Open,12,13
11/6/2021,9:50,0,Heatwave Day 1,Scotts,A42S,25C,B,Open,12,13
11/6/2021,9:50,0,Heatwave Day 1,Foreshore,A6F,25C,B,Open,12,13
11/6/2021,9:50,0,Heatwave Day 1,Scotts,A30S,25C,C,Open,12,13
11/6/2021,9:50,0,Heatwave Day 1,Bluestone,A44B,25C,C,Open,12,13
11/6/2021,9:50,0,Heatwave Day 1,Bluestone,A46B,25C,C,Open,12,13
11/6/2021,9:50,0,Heatwave Day 1,Foreshore,A13F,25C,D,Closed,12,13
11/6/2021,9:50,0,Heatwave Day 1,Foreshore,A16F,25C,D,Partially open,12,13
11/6/2021,9:50,0,Heatwave Day 1,Scotts,A41S,25C,D,Open,12,13
11/6/2021,9:50,0,Heatwave Day 1,Scotts,A28S,25C,E,Open,12,13
11/6/2021,9:50,0,Heatwave Day 1,Scotts,A35S,25C,E,Open,12,13
11/6/2021,9:50,0,Heatwave Day 1,Bluestone,A49B,25C,E,Partially open,12,13
11/6/2021,10:02,0,Heatwave Day 1,Foreshore,A26F,30C,F,Open,12,15
11/6/2021,10:02,0,Heatwave Day 1,Scotts,A34S,30C,F,Open,12,15
11/6/2021,10:02,0,Heatwave Day 1,Foreshore,A4F,30C,F,Open,12,15
11/6/2021,10:02,0,Heatwave Day 1,Foreshore,A14F,30C,G,Open,12,15
11/6/2021,10:02,0,Heatwave Day 1,Bluestone,A45B,30C,G,Open,12,15
11/6/2021,10:02,0,Heatwave Day 1,Bluestone,A56B,30C,G,Open,12,15
11/6/2021,10:02,0,Heatwave Day 1,Foreshore,A22F,30C,H,Open,12,15
11/6/2021,10:02,0,Heatwave Day 1,Scotts,A37S,30C,H,Open,12,15
11/6/2021,10:02,0,Heatwave Day 1,Bluestone,A51B,30C,H,Open,12,15
11/6/2021,10:03,0,Heatwave Day 1,Scotts,A38S,30C,I,Open,12,15
11/6/2021,10:03,0,Heatwave Day 1,Bluestone,A50B,30C,I,Open,12,15
11/6/2021,10:03,0,Heatwave Day 1,Bluestone,A60B,30C,I,Open,12,15
11/6/2021,10:03,0,Heatwave Day 1,Foreshore,A1F,30C,J,Open,12,15
11/6/2021,10:03,0,Heatwave Day 1,Foreshore,A23F,30C,J,Open,12,15
11/6/2021,10:03,0,Heatwave Day 1,Foreshore,A5F,30C,J,Open,12,15
11/6/2021,9:51,0,Heatwave Day 1,Foreshore,A18F,Control,K,Open,12,12
11/6/2021,9:51,0,Heatwave Day 1,Foreshore,A19F,Control,K,Open,12,12
11/6/2021,9:51,0,Heatwave Day 1,Scotts,A39S,Control,K,Open,12,12
11/6/2021,9:51,0,Heatwave Day 1,Foreshore,A12F,Control,L,Open,12,12
11/6/2021,9:51,0,Heatwave Day 1,Foreshore,A3F,Control,L,Open,12,12
11/6/2021,9:51,0,Heatwave Day 1,Bluestone,A57B,Control,L,Open,12,12
11/6/2021,9:51,0,Heatwave Day 1,Foreshore,A24F,Control,M,Open,12,12
11/6/2021,9:51,0,Heatwave Day 1,Bluestone,A43B,Control,M,Open,12,12
11/6/2021,9:51,0,Heatwave Day 1,Bluestone,A59B,Control,M,Open,12,12
11/6/2021,9:51,0,Heatwave Day 1,Foreshore,A10F,Control,N,Open,12,12
11/6/2021,9:51,0,Heatwave Day 1,Scotts,A29S,Control,N,Open,12,12
11/6/2021,9:51,0,Heatwave Day 1,Foreshore,A2F,Control,N,Open,12,12
11/6/2021,9:52,0,Heatwave Day 1,Foreshore,A21F,Control,O,Open,12,12
11/6/2021,9:52,0,Heatwave Day 1,Scotts,A27S,Control,O,Open,12,12
11/6/2021,9:52,0,Heatwave Day 1,Bluestone,A54B,Control,O,Open,12,12
11/6/2021,10:51,1,Heatwave Day 1,Foreshore,A25F,25C,A,Open,16,22
11/6/2021,10:51,1,Heatwave Day 1,Bluestone,A47B,25C,A,Open,16,22
11/6/2021,10:51,1,Heatwave Day 1,Bluestone,A55B,25C,A,Open,16,22
11/6/2021,10:51,1,Heatwave Day 1,Foreshore,A15F,25C,B,Open,16,22
11/6/2021,10:51,1,Heatwave Day 1,Scotts,A42S,25C,B,Open,16,22
11/6/2021,10:51,1,Heatwave Day 1,Foreshore,A6F,25C,B,Open,16,22
11/6/2021,10:50,1,Heatwave Day 1,Scotts,A30S,25C,C,Open,16,22
11/6/2021,10:50,1,Heatwave Day 1,Bluestone,A44B,25C,C,Open,16,22
11/6/2021,10:50,1,Heatwave Day 1,Bluestone,A46B,25C,C,Open,16,22
11/6/2021,10:49,1,Heatwave Day 1,Foreshore,A13F,25C,D,Open,16,22
11/6/2021,10:49,1,Heatwave Day 1,Foreshore,A16F,25C,D,Open,16,22
11/6/2021,10:49,1,Heatwave Day 1,Scotts,A41S,25C,D,Open,16,22
11/6/2021,10:50,1,Heatwave Day 1,Scotts,A28S,25C,E,Open,16,22
11/6/2021,10:50,1,Heatwave Day 1,Scotts,A35S,25C,E,Open,16,22
11/6/2021,10:50,1,Heatwave Day 1,Bluestone,A49B,25C,E,Open,16,22
11/6/2021,11:02,1,Heatwave Day 1,Foreshore,A26F,30C,F,Open,17,24
11/6/2021,11:02,1,Heatwave Day 1,Scotts,A34S,30C,F,Open,17,24
11/6/2021,11:02,1,Heatwave Day 1,Foreshore,A4F,30C,F,Open,17,24
11/6/2021,11:01,1,Heatwave Day 1,Foreshore,A14F,30C,G,Open,17,24
11/6/2021,11:01,1,Heatwave Day 1,Bluestone,A45B,30C,G,Open,17,24
11/6/2021,11:01,1,Heatwave Day 1,Bluestone,A56B,30C,G,Open,17,24
11/6/2021,11:02,1,Heatwave Day 1,Foreshore,A22F,30C,H,Open,16,24
11/6/2021,11:02,1,Heatwave Day 1,Scotts,A37S,30C,H,Open,16,24
11/6/2021,11:02,1,Heatwave Day 1,Bluestone,A51B,30C,H,Open,16,24
11/6/2021,11:03,1,Heatwave Day 1,Scotts,A38S,30C,I,Open,16,24
11/6/2021,11:03,1,Heatwave Day 1,Bluestone,A50B,30C,I,Open,16,24
11/6/2021,11:03,1,Heatwave Day 1,Bluestone,A60B,30C,I,Open,16,24
11/6/2021,11:03,1,Heatwave Day 1,Foreshore,A1F,30C,J,Open,17,24
11/6/2021,11:03,1,Heatwave Day 1,Foreshore,A23F,30C,J,Open,17,24
11/6/2021,11:03,1,Heatwave Day 1,Foreshore,A5F,30C,J,Open,17,24
11/6/2021,10:53,1,Heatwave Day 1,Foreshore,A18F,Control,K,Open,12,12
11/6/2021,10:53,1,Heatwave Day 1,Foreshore,A19F,Control,K,Open,12,12
11/6/2021,10:53,1,Heatwave Day 1,Scotts,A39S,Control,K,Open,12,12
11/6/2021,10:52,1,Heatwave Day 1,Foreshore,A12F,Control,L,Open,12,12
11/6/2021,10:52,1,Heatwave Day 1,Foreshore,A3F,Control,L,Partially open,12,12
11/6/2021,10:52,1,Heatwave Day 1,Bluestone,A57B,Control,L,Open,12,12
11/6/2021,10:53,1,Heatwave Day 1,Foreshore,A24F,Control,M,Open,12,12
11/6/2021,10:53,1,Heatwave Day 1,Bluestone,A43B,Control,M,Closed,12,12
11/6/2021,10:53,1,Heatwave Day 1,Bluestone,A59B,Control,M,Closed,12,12
11/6/2021,10:52,1,Heatwave Day 1,Foreshore,A10F,Control,N,Open,12,12
11/6/2021,10:52,1,Heatwave Day 1,Scotts,A29S,Control,N,Open,12,12
11/6/2021,10:52,1,Heatwave Day 1,Foreshore,A2F,Control,N,Open,12,12
11/6/2021,10:53,1,Heatwave Day 1,Foreshore,A21F,Control,O,Open,12,12
11/6/2021,10:53,1,Heatwave Day 1,Scotts,A27S,Control,O,Open,12,12
11/6/2021,10:53,1,Heatwave Day 1,Bluestone,A54B,Control,O,Open,12,12
11/6/2021,11:48,2,Heatwave Day 1,Foreshore,A25F,25C,A,Open,21,27
11/6/2021,11:48,2,Heatwave Day 1,Bluestone,A47B,25C,A,Open,21,27
11/6/2021,11:48,2,Heatwave Day 1,Bluestone,A55B,25C,A,Open,21,27
11/6/2021,11:48,2,Heatwave Day 1,Foreshore,A15F,25C,B,Open,22,27
11/6/2021,11:48,2,Heatwave Day 1,Scotts,A42S,25C,B,Open,22,27
11/6/2021,11:48,2,Heatwave Day 1,Foreshore,A6F,25C,B,Open,22,27
11/6/2021,11:48,2,Heatwave Day 1,Scotts,A30S,25C,C,Open,22,27
11/6/2021,11:48,2,Heatwave Day 1,Bluestone,A44B,25C,C,Open,22,27
11/6/2021,11:48,2,Heatwave Day 1,Bluestone,A46B,25C,C,Open,22,27
11/6/2021,11:48,2,Heatwave Day 1,Foreshore,A13F,25C,D,Open,21,27
11/6/2021,11:48,2,Heatwave Day 1,Foreshore,A16F,25C,D,Open,21,27
11/6/2021,11:48,2,Heatwave Day 1,Scotts,A41S,25C,D,Open,21,27
11/6/2021,11:48,2,Heatwave Day 1,Scotts,A28S,25C,E,Open,22,27
11/6/2021,11:48,2,Heatwave Day 1,Scotts,A35S,25C,E,Open,22,27
11/6/2021,11:48,2,Heatwave Day 1,Bluestone,A49B,25C,E,Open,22,27
11/6/2021,12:02,2,Heatwave Day 1,Foreshore,A26F,30C,F,Open,23,30
11/6/2021,12:02,2,Heatwave Day 1,Scotts,A34S,30C,F,Partially open,23,30
11/6/2021,12:02,2,Heatwave Day 1,Foreshore,A4F,30C,F,Open,23,30
11/6/2021,12:02,2,Heatwave Day 1,Foreshore,A14F,30C,G,Open,23,30
11/6/2021,12:02,2,Heatwave Day 1,Bluestone,A45B,30C,G,Open,23,30
11/6/2021,12:02,2,Heatwave Day 1,Bluestone,A56B,30C,G,Open,23,30
11/6/2021,12:02,2,Heatwave Day 1,Foreshore,A22F,30C,H,Open,22,30
11/6/2021,12:02,2,Heatwave Day 1,Scotts,A37S,30C,H,Open,22,30
11/6/2021,12:02,2,Heatwave Day 1,Bluestone,A51B,30C,H,Open,22,30
11/6/2021,12:03,2,Heatwave Day 1,Scotts,A38S,30C,I,Open,22,30
11/6/2021,12:03,2,Heatwave Day 1,Bluestone,A50B,30C,I,Open,22,30
11/6/2021,12:03,2,Heatwave Day 1,Bluestone,A60B,30C,I,Open,22,30
11/6/2021,12:03,2,Heatwave Day 1,Foreshore,A1F,30C,J,Open,22,30
11/6/2021,12:03,2,Heatwave Day 1,Foreshore,A23F,30C,J,Open,22,30
11/6/2021,12:03,2,Heatwave Day 1,Foreshore,A5F,30C,J,Open,22,30
11/6/2021,11:53,2,Heatwave Day 1,Foreshore,A18F,Control,K,Partially open,12,12
11/6/2021,11:53,2,Heatwave Day 1,Foreshore,A19F,Control,K,Partially open,12,12
11/6/2021,11:53,2,Heatwave Day 1,Scotts,A39S,Control,K,Open,12,12
11/6/2021,11:53,2,Heatwave Day 1,Foreshore,A12F,Control,L,Open,12,12
11/6/2021,11:53,2,Heatwave Day 1,Foreshore,A3F,Control,L,Partially open,12,12
11/6/2021,11:53,2,Heatwave Day 1,Bluestone,A57B,Control,L,Open,12,12
11/6/2021,11:54,2,Heatwave Day 1,Foreshore,A24F,Control,M,Open,12,12
11/6/2021,11:54,2,Heatwave Day 1,Bluestone,A43B,Control,M,Partially open,12,12
11/6/2021,11:54,2,Heatwave Day 1,Bluestone,A59B,Control,M,Open,12,12
11/6/2021,11:53,2,Heatwave Day 1,Foreshore,A10F,Control,N,Partially open,12,12
11/6/2021,11:53,2,Heatwave Day 1,Scotts,A29S,Control,N,Open,12,12
11/6/2021,11:53,2,Heatwave Day 1,Foreshore,A2F,Control,N,Open,12,12
11/6/2021,11:54,2,Heatwave Day 1,Foreshore,A21F,Control,O,Open,12,12
11/6/2021,11:54,2,Heatwave Day 1,Scotts,A27S,Control,O,Open,12,12
11/6/2021,11:54,2,Heatwave Day 1,Bluestone,A54B,Control,O,Open,12,12
11/6/2021,12:45,3,Heatwave Day 1,Foreshore,A25F,25C,A,Open,23,24
11/6/2021,12:45,3,Heatwave Day 1,Bluestone,A47B,25C,A,Open,23,24
11/6/2021,12:45,3,Heatwave Day 1,Bluestone,A55B,25C,A,Open,23,24
11/6/2021,12:45,3,Heatwave Day 1,Foreshore,A15F,25C,B,Open,23,24
11/6/2021,12:45,3,Heatwave Day 1,Scotts,A42S,25C,B,Open,23,24
11/6/2021,12:45,3,Heatwave Day 1,Foreshore,A6F,25C,B,Open,23,24
11/6/2021,12:45,3,Heatwave Day 1,Scotts,A30S,25C,C,Open,23,24
11/6/2021,12:45,3,Heatwave Day 1,Bluestone,A44B,25C,C,Open,23,24
11/6/2021,12:45,3,Heatwave Day 1,Bluestone,A46B,25C,C,Open,23,24
11/6/2021,12:45,3,Heatwave Day 1,Foreshore,A13F,25C,D,Open,23,24
11/6/2021,12:45,3,Heatwave Day 1,Foreshore,A16F,25C,D,Open,23,24
11/6/2021,12:45,3,Heatwave Day 1,Scotts,A41S,25C,D,Open,23,24
11/6/2021,12:45,3,Heatwave Day 1,Scotts,A28S,25C,E,Open,23,24
11/6/2021,12:45,3,Heatwave Day 1,Scotts,A35S,25C,E,Open,23,24
11/6/2021,12:45,3,Heatwave Day 1,Bluestone,A49B,25C,E,Open,23,24
11/6/2021,13:00,3,Heatwave Day 1,Foreshore,A26F,30C,F,Open,26,28
11/6/2021,13:00,3,Heatwave Day 1,Scotts,A34S,30C,F,Open,26,28
11/6/2021,13:00,3,Heatwave Day 1,Foreshore,A4F,30C,F,Open,26,28
11/6/2021,13:00,3,Heatwave Day 1,Foreshore,A14F,30C,G,Open,25,28
11/6/2021,13:00,3,Heatwave Day 1,Bluestone,A45B,30C,G,Open,25,28
11/6/2021,13:00,3,Heatwave Day 1,Bluestone,A56B,30C,G,Open,25,28
11/6/2021,13:00,3,Heatwave Day 1,Foreshore,A22F,30C,H,Open,24,28
11/6/2021,13:00,3,Heatwave Day 1,Scotts,A37S,30C,H,Open,24,28
11/6/2021,13:00,3,Heatwave Day 1,Bluestone,A51B,30C,H,Open,24,28
11/6/2021,13:00,3,Heatwave Day 1,Scotts,A38S,30C,I,Open,24,28
11/6/2021,13:00,3,Heatwave Day 1,Bluestone,A50B,30C,I,Open,24,28
11/6/2021,13:00,3,Heatwave Day 1,Bluestone,A60B,30C,I,Open,24,28
11/6/2021,13:00,3,Heatwave Day 1,Foreshore,A1F,30C,J,Open,24,28
11/6/2021,13:00,3,Heatwave Day 1,Foreshore,A23F,30C,J,Open,24,28
11/6/2021,13:00,3,Heatwave Day 1,Foreshore,A5F,30C,J,Open,24,28
11/6/2021,12:49,3,Heatwave Day 1,Foreshore,A18F,Control,K,Open,12,12
11/6/2021,12:49,3,Heatwave Day 1,Foreshore,A19F,Control,K,Open,12,12
11/6/2021,12:49,3,Heatwave Day 1,Scotts,A39S,Control,K,Open,12,12
11/6/2021,12:49,3,Heatwave Day 1,Foreshore,A12F,Control,L,Open,12,12
11/6/2021,12:49,3,Heatwave Day 1,Foreshore,A3F,Control,L,Partially open,12,12
11/6/2021,12:49,3,Heatwave Day 1,Bluestone,A57B,Control,L,Open,12,12
11/6/2021,12:49,3,Heatwave Day 1,Foreshore,A24F,Control,M,Open,12,12
11/6/2021,12:49,3,Heatwave Day 1,Bluestone,A43B,Control,M,Partially open,12,12
11/6/2021,12:49,3,Heatwave Day 1,Bluestone,A59B,Control,M,Open,12,12
11/6/2021,12:49,3,Heatwave Day 1,Foreshore,A10F,Control,N,Open,12,12
11/6/2021,12:49,3,Heatwave Day 1,Scotts,A29S,Control,N,Open,12,12
11/6/2021,12:49,3,Heatwave Day 1,Foreshore,A2F,Control,N,Open,12,12
11/6/2021,12:49,3,Heatwave Day 1,Foreshore,A21F,Control,O,Open,13,12
11/6/2021,12:49,3,Heatwave Day 1,Scotts,A27S,Control,O,Open,13,12
11/6/2021,12:49,3,Heatwave Day 1,Bluestone,A54B,Control,O,Open,13,12
11/6/2021,13:41,4,Heatwave Day 1,Foreshore,A25F,25C,A,Open,24,25
11/6/2021,13:41,4,Heatwave Day 1,Bluestone,A47B,25C,A,Open,24,25
11/6/2021,13:41,4,Heatwave Day 1,Bluestone,A55B,25C,A,Open,24,25
11/6/2021,13:41,4,Heatwave Day 1,Foreshore,A15F,25C,B,Open,24,25
11/6/2021,13:41,4,Heatwave Day 1,Scotts,A42S,25C,B,Open,24,25
11/6/2021,13:41,4,Heatwave Day 1,Foreshore,A6F,25C,B,Open,24,25
11/6/2021,13:41,4,Heatwave Day 1,Scotts,A30S,25C,C,Open,24,25
11/6/2021,13:41,4,Heatwave Day 1,Bluestone,A44B,25C,C,Open,24,25
11/6/2021,13:41,4,Heatwave Day 1,Bluestone,A46B,25C,C,Open,24,25
11/6/2021,13:41,4,Heatwave Day 1,Foreshore,A13F,25C,D,Open,24,25
11/6/2021,13:41,4,Heatwave Day 1,Foreshore,A16F,25C,D,Open,24,25
11/6/2021,13:41,4,Heatwave Day 1,Scotts,A41S,25C,D,Open,24,25
11/6/2021,13:41,4,Heatwave Day 1,Scotts,A28S,25C,E,Open,24,25
11/6/2021,13:41,4,Heatwave Day 1,Scotts,A35S,25C,E,Open,24,25
11/6/2021,13:41,4,Heatwave Day 1,Bluestone,A49B,25C,E,Open,24,25
11/6/2021,13:55,4,Heatwave Day 1,Foreshore,A26F,30C,F,Open,26,28
11/6/2021,13:55,4,Heatwave Day 1,Scotts,A34S,30C,F,Open,26,28
11/6/2021,13:55,4,Heatwave Day 1,Foreshore,A4F,30C,F,Open,26,28
11/6/2021,13:55,4,Heatwave Day 1,Foreshore,A14F,30C,G,Partially open,25,28
11/6/2021,13:55,4,Heatwave Day 1,Bluestone,A45B,30C,G,Open,25,28
11/6/2021,13:55,4,Heatwave Day 1,Bluestone,A56B,30C,G,Open,25,28
11/6/2021,13:55,4,Heatwave Day 1,Foreshore,A22F,30C,H,Open,25,28
11/6/2021,13:55,4,Heatwave Day 1,Scotts,A37S,30C,H,Open,25,28
11/6/2021,13:55,4,Heatwave Day 1,Bluestone,A51B,30C,H,Open,25,28
11/6/2021,13:55,4,Heatwave Day 1,Scotts,A38S,30C,I,Open,25,28
11/6/2021,13:55,4,Heatwave Day 1,Bluestone,A50B,30C,I,Open,25,28
11/6/2021,13:55,4,Heatwave Day 1,Bluestone,A60B,30C,I,Open,25,28
11/6/2021,13:55,4,Heatwave Day 1,Foreshore,A1F,30C,J,Open,25,28
11/6/2021,13:55,4,Heatwave Day 1,Foreshore,A23F,30C,J,Open,25,28
11/6/2021,13:55,4,Heatwave Day 1,Foreshore,A5F,30C,J,Open,25,28
11/6/2021,13:43,4,Heatwave Day 1,Foreshore,A18F,Control,K,Open,13,13
11/6/2021,13:43,4,Heatwave Day 1,Foreshore,A19F,Control,K,Open,13,13
11/6/2021,13:43,4,Heatwave Day 1,Scotts,A39S,Control,K,Open,13,13
11/6/2021,13:43,4,Heatwave Day 1,Foreshore,A12F,Control,L,Open,12,13
11/6/2021,13:43,4,Heatwave Day 1,Foreshore,A3F,Control,L,Partially open,12,13
11/6/2021,13:43,4,Heatwave Day 1,Bluestone,A57B,Control,L,Open,12,13
11/6/2021,13:43,4,Heatwave Day 1,Foreshore,A24F,Control,M,Open,13,13
11/6/2021,13:43,4,Heatwave Day 1,Bluestone,A43B,Control,M,Partially open,13,13
11/6/2021,13:43,4,Heatwave Day 1,Bluestone,A59B,Control,M,Open,13,13
11/6/2021,13:43,4,Heatwave Day 1,Foreshore,A10F,Control,N,Open,12,13
11/6/2021,13:43,4,Heatwave Day 1,Scotts,A29S,Control,N,Partially open,12,13
11/6/2021,13:43,4,Heatwave Day 1,Foreshore,A2F,Control,N,Open,12,13
11/6/2021,13:43,4,Heatwave Day 1,Foreshore,A21F,Control,O,Open,12,13
11/6/2021,13:43,4,Heatwave Day 1,Scotts,A27S,Control,O,Partially open,12,13
11/6/2021,13:43,4,Heatwave Day 1,Bluestone,A54B,Control,O,Open,12,13
11/6/2021,14:40,5,Heatwave Day 1,Foreshore,A25F,25C,A,Open,24,26
11/6/2021,14:40,5,Heatwave Day 1,Bluestone,A47B,25C,A,Open,24,26
11/6/2021,14:40,5,Heatwave Day 1,Bluestone,A55B,25C,A,Open,24,26
11/6/2021,14:40,5,Heatwave Day 1,Foreshore,A15F,25C,B,Open,24,26
11/6/2021,14:40,5,Heatwave Day 1,Scotts,A42S,25C,B,Open,24,26
11/6/2021,14:40,5,Heatwave Day 1,Foreshore,A6F,25C,B,Open,24,26
11/6/2021,14:40,5,Heatwave Day 1,Scotts,A30S,25C,C,Partially open,25,26
11/6/2021,14:40,5,Heatwave Day 1,Bluestone,A44B,25C,C,Open,25,26
11/6/2021,14:40,5,Heatwave Day 1,Bluestone,A46B,25C,C,Open,25,26
11/6/2021,14:40,5,Heatwave Day 1,Foreshore,A13F,25C,D,Partially open,24,26
11/6/2021,14:40,5,Heatwave Day 1,Foreshore,A16F,25C,D,Open,24,26
11/6/2021,14:40,5,Heatwave Day 1,Scotts,A41S,25C,D,Open,24,26
11/6/2021,14:40,5,Heatwave Day 1,Scotts,A28S,25C,E,Open,24,26
11/6/2021,14:40,5,Heatwave Day 1,Scotts,A35S,25C,E,Open,24,26
11/6/2021,14:40,5,Heatwave Day 1,Bluestone,A49B,25C,E,Open,24,26
11/6/2021,14:54,5,Heatwave Day 1,Foreshore,A26F,30C,F,Partially open,28,32
11/6/2021,14:54,5,Heatwave Day 1,Scotts,A34S,30C,F,Partially open,28,32
11/6/2021,14:54,5,Heatwave Day 1,Foreshore,A4F,30C,F,Open,28,32
11/6/2021,14:54,5,Heatwave Day 1,Foreshore,A14F,30C,G,Partially open,27,32
11/6/2021,14:54,5,Heatwave Day 1,Bluestone,A45B,30C,G,Partially open,27,32
11/6/2021,14:54,5,Heatwave Day 1,Bluestone,A56B,30C,G,Partially open,27,32
11/6/2021,14:54,5,Heatwave Day 1,Foreshore,A22F,30C,H,Open,27,32
11/6/2021,14:54,5,Heatwave Day 1,Scotts,A37S,30C,H,Open,27,32
11/6/2021,14:54,5,Heatwave Day 1,Bluestone,A51B,30C,H,Open,27,32
11/6/2021,14:54,5,Heatwave Day 1,Scotts,A38S,30C,I,Open,27,32
11/6/2021,14:54,5,Heatwave Day 1,Bluestone,A50B,30C,I,Open,27,32
11/6/2021,14:54,5,Heatwave Day 1,Bluestone,A60B,30C,I,Partially open,27,32
11/6/2021,14:54,5,Heatwave Day 1,Foreshore,A1F,30C,J,Open,26,32
11/6/2021,14:54,5,Heatwave Day 1,Foreshore,A23F,30C,J,Partially open,26,32
11/6/2021,14:54,5,Heatwave Day 1,Foreshore,A5F,30C,J,Open,26,32
11/6/2021,14:42,5,Heatwave Day 1,Foreshore,A18F,Control,K,Open,13,13
11/6/2021,14:42,5,Heatwave Day 1,Foreshore,A19F,Control,K,Open,13,13
11/6/2021,14:42,5,Heatwave Day 1,Scotts,A39S,Control,K,Open,13,13
11/6/2021,14:42,5,Heatwave Day 1,Foreshore,A12F,Control,L,Open,13,13
11/6/2021,14:42,5,Heatwave Day 1,Foreshore,A3F,Control,L,Partially open,13,13
11/6/2021,14:42,5,Heatwave Day 1,Bluestone,A57B,Control,L,Open,13,13
11/6/2021,14:42,5,Heatwave Day 1,Foreshore,A24F,Control,M,Open,13,13
11/6/2021,14:42,5,Heatwave Day 1,Bluestone,A43B,Control,M,Open,13,13
11/6/2021,14:42,5,Heatwave Day 1,Bluestone,A59B,Control,M,Open,13,13
11/6/2021,14:42,5,Heatwave Day 1,Foreshore,A10F,Control,N,Open,13,13
11/6/2021,14:42,5,Heatwave Day 1,Scotts,A29S,Control,N,Open,13,13
11/6/2021,14:42,5,Heatwave Day 1,Foreshore,A2F,Control,N,Open,13,13
11/6/2021,14:42,5,Heatwave Day 1,Foreshore,A21F,Control,O,Open,13,13
11/6/2021,14:42,5,Heatwave Day 1,Scotts,A27S,Control,O,Partially open,13,13
11/6/2021,14:42,5,Heatwave Day 1,Bluestone,A54B,Control,O,Open,13,13
11/6/2021,15:44,6,Heatwave Day 1,Foreshore,A25F,25C,A,Open,25,26
11/6/2021,15:44,6,Heatwave Day 1,Bluestone,A47B,25C,A,Partially open,25,26
11/6/2021,15:44,6,Heatwave Day 1,Bluestone,A55B,25C,A,Open,25,26
11/6/2021,15:44,6,Heatwave Day 1,Foreshore,A15F,25C,B,Open,25,26
11/6/2021,15:44,6,Heatwave Day 1,Scotts,A42S,25C,B,Open,25,26
11/6/2021,15:44,6,Heatwave Day 1,Foreshore,A6F,25C,B,Open,25,26
11/6/2021,15:44,6,Heatwave Day 1,Scotts,A30S,25C,C,Partially open,24,26
11/6/2021,15:44,6,Heatwave Day 1,Bluestone,A44B,25C,C,Open,24,26
11/6/2021,15:44,6,Heatwave Day 1,Bluestone,A46B,25C,C,Open,24,26
11/6/2021,15:44,6,Heatwave Day 1,Foreshore,A13F,25C,D,Open,25,26
11/6/2021,15:44,6,Heatwave Day 1,Foreshore,A16F,25C,D,Partially open,25,26
11/6/2021,15:44,6,Heatwave Day 1,Scotts,A41S,25C,D,Open,25,26
11/6/2021,15:44,6,Heatwave Day 1,Scotts,A28S,25C,E,Open,25,26
11/6/2021,15:44,6,Heatwave Day 1,Scotts,A35S,25C,E,Open,25,26
11/6/2021,15:44,6,Heatwave Day 1,Bluestone,A49B,25C,E,Partially open,25,26
11/6/2021,15:55,6,Heatwave Day 1,Foreshore,A26F,30C,F,Partially open,29,31
11/6/2021,15:55,6,Heatwave Day 1,Scotts,A34S,30C,F,Open,29,31
11/6/2021,15:55,6,Heatwave Day 1,Foreshore,A4F,30C,F,Open,29,31
11/6/2021,15:55,6,Heatwave Day 1,Foreshore,A14F,30C,G,Partially open,28,31
11/6/2021,15:55,6,Heatwave Day 1,Bluestone,A45B,30C,G,Partially open,28,31
11/6/2021,15:55,6,Heatwave Day 1,Bluestone,A56B,30C,G,Partially open,28,31
11/6/2021,15:55,6,Heatwave Day 1,Foreshore,A22F,30C,H,Open,28,31
11/6/2021,15:55,6,Heatwave Day 1,Scotts,A37S,30C,H,Open,28,31
11/6/2021,15:55,6,Heatwave Day 1,Bluestone,A51B,30C,H,Open,28,31
11/6/2021,15:55,6,Heatwave Day 1,Scotts,A38S,30C,I,Open,28,31
11/6/2021,15:55,6,Heatwave Day 1,Bluestone,A50B,30C,I,Partially open,28,31
11/6/2021,15:55,6,Heatwave Day 1,Bluestone,A60B,30C,I,Partially open,28,31
11/6/2021,15:55,6,Heatwave Day 1,Foreshore,A1F,30C,J,Open,28,31
11/6/2021,15:55,6,Heatwave Day 1,Foreshore,A23F,30C,J,Partially open,28,31
11/6/2021,15:55,6,Heatwave Day 1,Foreshore,A5F,30C,J,Open,28,31
11/6/2021,15:48,6,Heatwave Day 1,Foreshore,A18F,Control,K,Partially open,13,13
11/6/2021,15:48,6,Heatwave Day 1,Foreshore,A19F,Control,K,Open,13,13
11/6/2021,15:48,6,Heatwave Day 1,Scotts,A39S,Control,K,Open,13,13
11/6/2021,15:48,6,Heatwave Day 1,Foreshore,A12F,Control,L,Open,13,13
11/6/2021,15:48,6,Heatwave Day 1,Foreshore,A3F,Control,L,Open,13,13
11/6/2021,15:48,6,Heatwave Day 1,Bluestone,A57B,Control,L,Open,13,13
11/6/2021,15:48,6,Heatwave Day 1,Foreshore,A24F,Control,M,Open,13,13
11/6/2021,15:48,6,Heatwave Day 1,Bluestone,A43B,Control,M,Open,13,13
11/6/2021,15:48,6,Heatwave Day 1,Bluestone,A59B,Control,M,Open,13,13
11/6/2021,15:48,6,Heatwave Day 1,Foreshore,A10F,Control,N,Open,13,13
11/6/2021,15:48,6,Heatwave Day 1,Scotts,A29S,Control,N,Open,13,13
11/6/2021,15:48,6,Heatwave Day 1,Foreshore,A2F,Control,N,Open,13,13
11/6/2021,15:48,6,Heatwave Day 1,Foreshore,A21F,Control,O,Open,13,13
11/6/2021,15:48,6,Heatwave Day 1,Scotts,A27S,Control,O,Partially open,13,13
11/6/2021,15:48,6,Heatwave Day 1,Bluestone,A54B,Control,O,Partially open,13,13
11/7/2021,9:23,0,Heatwave Day 2,Foreshore,A25F,25C,A,Open,12,12
11/7/2021,9:23,0,Heatwave Day 2,Bluestone,A47B,25C,A,Open,12,12
11/7/2021,9:23,0,Heatwave Day 2,Bluestone,A55B,25C,A,Open,12,12
11/7/2021,9:23,0,Heatwave Day 2,Foreshore,A15F,25C,B,Open,12,12
11/7/2021,9:23,0,Heatwave Day 2,Scotts,A42S,25C,B,Open,12,12
11/7/2021,9:23,0,Heatwave Day 2,Foreshore,A6F,25C,B,Open,12,12
11/7/2021,9:23,0,Heatwave Day 2,Scotts,A30S,25C,C,Open,12,12
11/7/2021,9:23,0,Heatwave Day 2,Bluestone,A44B,25C,C,Open,12,12
11/7/2021,9:23,0,Heatwave Day 2,Bluestone,A46B,25C,C,Open,12,12
11/7/2021,9:23,0,Heatwave Day 2,Foreshore,A13F,25C,D,Open,12,12
11/7/2021,9:23,0,Heatwave Day 2,Foreshore,A16F,25C,D,Open,12,12
11/7/2021,9:23,0,Heatwave Day 2,Scotts,A41S,25C,D,Open,12,12
11/7/2021,9:23,0,Heatwave Day 2,Scotts,A28S,25C,E,Open,12,12
11/7/2021,9:23,0,Heatwave Day 2,Scotts,A35S,25C,E,Partially open,12,12
11/7/2021,9:23,0,Heatwave Day 2,Bluestone,A49B,25C,E,Open,12,12
11/7/2021,10:35,0,Heatwave Day 2,Foreshore,A26F,30C,F,Open,12,13
11/7/2021,10:35,0,Heatwave Day 2,Scotts,A34S,30C,F,Open,12,13
11/7/2021,10:35,0,Heatwave Day 2,Foreshore,A4F,30C,F,Open,12,13
11/7/2021,10:35,0,Heatwave Day 2,Foreshore,A14F,30C,G,Open,12,13
11/7/2021,10:35,0,Heatwave Day 2,Bluestone,A45B,30C,G,Open,12,13
11/7/2021,10:35,0,Heatwave Day 2,Bluestone,A56B,30C,G,Open,12,13
11/7/2021,10:35,0,Heatwave Day 2,Foreshore,A22F,30C,H,Open,12,13
11/7/2021,10:35,0,Heatwave Day 2,Scotts,A37S,30C,H,Open,12,13
11/7/2021,10:35,0,Heatwave Day 2,Bluestone,A51B,30C,H,Open,12,13
11/7/2021,10:35,0,Heatwave Day 2,Scotts,A38S,30C,I,Open,12,13
11/7/2021,10:35,0,Heatwave Day 2,Bluestone,A50B,30C,I,Open,12,13
11/7/2021,10:35,0,Heatwave Day 2,Bluestone,A60B,30C,I,Open,12,13
11/7/2021,10:35,0,Heatwave Day 2,Foreshore,A1F,30C,J,Open,12,13
11/7/2021,10:35,0,Heatwave Day 2,Foreshore,A23F,30C,J,Open,12,13
11/7/2021,10:35,0,Heatwave Day 2,Foreshore,A5F,30C,J,Open,12,13
11/7/2021,9:27,0,Heatwave Day 2,Foreshore,A18F,Control,K,Open,12,12
11/7/2021,9:27,0,Heatwave Day 2,Foreshore,A19F,Control,K,Partially open,12,12
11/7/2021,9:27,0,Heatwave Day 2,Scotts,A39S,Control,K,Open,12,12
11/7/2021,9:27,0,Heatwave Day 2,Foreshore,A12F,Control,L,Open,12,12
11/7/2021,9:27,0,Heatwave Day 2,Foreshore,A3F,Control,L,Open,12,12
11/7/2021,9:27,0,Heatwave Day 2,Bluestone,A57B,Control,L,Open,12,12
11/7/2021,9:27,0,Heatwave Day 2,Foreshore,A24F,Control,M,Open,12,12
11/7/2021,9:27,0,Heatwave Day 2,Bluestone,A43B,Control,M,Open,12,12
11/7/2021,9:27,0,Heatwave Day 2,Bluestone,A59B,Control,M,Open,12,12
11/7/2021,9:27,0,Heatwave Day 2,Foreshore,A10F,Control,N,Open,11,12
11/7/2021,9:27,0,Heatwave Day 2,Scotts,A29S,Control,N,Open,11,12
11/7/2021,9:27,0,Heatwave Day 2,Foreshore,A2F,Control,N,Open,11,12
11/7/2021,9:27,0,Heatwave Day 2,Foreshore,A21F,Control,O,Open,11,12
11/7/2021,9:27,0,Heatwave Day 2,Scotts,A27S,Control,O,Open,11,12
11/7/2021,9:27,0,Heatwave Day 2,Bluestone,A54B,Control,O,Open,11,12
11/7/2021,10:14,1,Heatwave Day 2,Foreshore,A25F,25C,A,Open,15,20
11/7/2021,10:14,1,Heatwave Day 2,Bluestone,A47B,25C,A,Open,15,20
11/7/2021,10:14,1,Heatwave Day 2,Bluestone,A55B,25C,A,Open,15,20
11/7/2021,10:14,1,Heatwave Day 2,Foreshore,A15F,25C,B,Open,15,20
11/7/2021,10:14,1,Heatwave Day 2,Scotts,A42S,25C,B,Open,15,20
11/7/2021,10:14,1,Heatwave Day 2,Foreshore,A6F,25C,B,Open,15,20
11/7/2021,10:14,1,Heatwave Day 2,Scotts,A30S,25C,C,Partially open,15,20
11/7/2021,10:14,1,Heatwave Day 2,Bluestone,A44B,25C,C,Open,15,20
11/7/2021,10:14,1,Heatwave Day 2,Bluestone,A46B,25C,C,Open,15,20
11/7/2021,10:14,1,Heatwave Day 2,Foreshore,A13F,25C,D,Open,16,20
11/7/2021,10:14,1,Heatwave Day 2,Foreshore,A16F,25C,D,Open,16,20
11/7/2021,10:14,1,Heatwave Day 2,Scotts,A41S,25C,D,Open,16,20
11/7/2021,10:14,1,Heatwave Day 2,Scotts,A28S,25C,E,Open,15,20
11/7/2021,10:14,1,Heatwave Day 2,Scotts,A35S,25C,E,Open,15,20
11/7/2021,10:14,1,Heatwave Day 2,Bluestone,A49B,25C,E,Open,15,20
11/7/2021,11:30,1,Heatwave Day 2,Foreshore,A26F,30C,F,Open,15,18
11/7/2021,11:30,1,Heatwave Day 2,Scotts,A34S,30C,F,Open,15,18
11/7/2021,11:30,1,Heatwave Day 2,Foreshore,A4F,30C,F,Open,15,18
11/7/2021,11:30,1,Heatwave Day 2,Foreshore,A14F,30C,G,Open,14,18
11/7/2021,11:30,1,Heatwave Day 2,Bluestone,A45B,30C,G,Open,14,18
11/7/2021,11:30,1,Heatwave Day 2,Bluestone,A56B,30C,G,Partially open,14,18
11/7/2021,11:30,1,Heatwave Day 2,Foreshore,A22F,30C,H,Open,14,18
11/7/2021,11:30,1,Heatwave Day 2,Scotts,A37S,30C,H,Open,14,18
11/7/2021,11:30,1,Heatwave Day 2,Bluestone,A51B,30C,H,Open,14,18
11/7/2021,11:30,1,Heatwave Day 2,Scotts,A38S,30C,I,Open,15,18
11/7/2021,11:30,1,Heatwave Day 2,Bluestone,A50B,30C,I,Open,15,18
11/7/2021,11:30,1,Heatwave Day 2,Bluestone,A60B,30C,I,Open,15,18
11/7/2021,11:30,1,Heatwave Day 2,Foreshore,A1F,30C,J,Open,14,18
11/7/2021,11:30,1,Heatwave Day 2,Foreshore,A23F,30C,J,Open,14,18
11/7/2021,11:30,1,Heatwave Day 2,Foreshore,A5F,30C,J,Open,14,18
11/7/2021,10:17,1,Heatwave Day 2,Foreshore,A18F,Control,K,Open,12,12
11/7/2021,10:17,1,Heatwave Day 2,Foreshore,A19F,Control,K,Partially open,12,12
11/7/2021,10:17,1,Heatwave Day 2,Scotts,A39S,Control,K,Open,12,12
11/7/2021,10:17,1,Heatwave Day 2,Foreshore,A12F,Control,L,Open,12,12
11/7/2021,10:17,1,Heatwave Day 2,Foreshore,A3F,Control,L,Open,12,12
11/7/2021,10:17,1,Heatwave Day 2,Bluestone,A57B,Control,L,Open,12,12
11/7/2021,10:17,1,Heatwave Day 2,Foreshore,A24F,Control,M,Open,12,12
11/7/2021,10:17,1,Heatwave Day 2,Bluestone,A43B,Control,M,Partially open,12,12
11/7/2021,10:17,1,Heatwave Day 2,Bluestone,A59B,Control,M,Open,12,12
11/7/2021,10:17,1,Heatwave Day 2,Foreshore,A10F,Control,N,Open,12,12
11/7/2021,10:17,1,Heatwave Day 2,Scotts,A29S,Control,N,Open,12,12
11/7/2021,10:17,1,Heatwave Day 2,Foreshore,A2F,Control,N,Open,12,12
11/7/2021,10:17,1,Heatwave Day 2,Foreshore,A21F,Control,O,Open,12,12
11/7/2021,10:17,1,Heatwave Day 2,Scotts,A27S,Control,O,Open,12,12
11/7/2021,10:17,1,Heatwave Day 2,Bluestone,A54B,Control,O,Open,12,12
11/7/2021,11:17,2,Heatwave Day 2,Foreshore,A25F,25C,A,Open,20,23
11/7/2021,11:17,2,Heatwave Day 2,Bluestone,A47B,25C,A,Open,20,23
11/7/2021,11:17,2,Heatwave Day 2,Bluestone,A55B,25C,A,Open,20,23
11/7/2021,11:17,2,Heatwave Day 2,Foreshore,A15F,25C,B,Open,20,23
11/7/2021,11:17,2,Heatwave Day 2,Scotts,A42S,25C,B,Partially open,20,23
11/7/2021,11:17,2,Heatwave Day 2,Foreshore,A6F,25C,B,Open,20,23
11/7/2021,11:17,2,Heatwave Day 2,Scotts,A30S,25C,C,Partially open,20,23
11/7/2021,11:17,2,Heatwave Day 2,Bluestone,A44B,25C,C,Open,20,23
11/7/2021,11:17,2,Heatwave Day 2,Bluestone,A46B,25C,C,Open,20,23
11/7/2021,11:17,2,Heatwave Day 2,Foreshore,A13F,25C,D,Open,20,23
11/7/2021,11:17,2,Heatwave Day 2,Foreshore,A16F,25C,D,Open,20,23
11/7/2021,11:17,2,Heatwave Day 2,Scotts,A41S,25C,D,Open,20,23
11/7/2021,11:17,2,Heatwave Day 2,Scotts,A28S,25C,E,Open,19,23
11/7/2021,11:17,2,Heatwave Day 2,Scotts,A35S,25C,E,Open,19,23
11/7/2021,11:17,2,Heatwave Day 2,Bluestone,A49B,25C,E,Partially open,19,23
11/7/2021,12:42,2,Heatwave Day 2,Foreshore,A26F,30C,F,Open,18,22
11/7/2021,12:42,2,Heatwave Day 2,Scotts,A34S,30C,F,Open,18,22
11/7/2021,12:42,2,Heatwave Day 2,Foreshore,A4F,30C,F,Open,18,22
11/7/2021,12:42,2,Heatwave Day 2,Foreshore,A14F,30C,G,Open,17,22
11/7/2021,12:42,2,Heatwave Day 2,Bluestone,A45B,30C,G,Open,17,22
11/7/2021,12:42,2,Heatwave Day 2,Bluestone,A56B,30C,G,Open,17,22
11/7/2021,12:42,2,Heatwave Day 2,Foreshore,A22F,30C,H,Open,17,22
11/7/2021,12:42,2,Heatwave Day 2,Scotts,A37S,30C,H,Open,17,22
11/7/2021,12:42,2,Heatwave Day 2,Bluestone,A51B,30C,H,Open,17,22
11/7/2021,12:42,2,Heatwave Day 2,Scotts,A38S,30C,I,Open,18,22
11/7/2021,12:42,2,Heatwave Day 2,Bluestone,A50B,30C,I,Open,18,22
11/7/2021,12:42,2,Heatwave Day 2,Bluestone,A60B,30C,I,Open,18,22
11/7/2021,12:42,2,Heatwave Day 2,Foreshore,A1F,30C,J,Open,18,22
11/7/2021,12:42,2,Heatwave Day 2,Foreshore,A23F,30C,J,Open,18,22
11/7/2021,12:42,2,Heatwave Day 2,Foreshore,A5F,30C,J,Open,18,22
11/7/2021,11:20,2,Heatwave Day 2,Foreshore,A18F,Control,K,Open,12,13
11/7/2021,11:20,2,Heatwave Day 2,Foreshore,A19F,Control,K,Open,12,13
11/7/2021,11:20,2,Heatwave Day 2,Scotts,A39S,Control,K,Open,12,13
11/7/2021,11:20,2,Heatwave Day 2,Foreshore,A12F,Control,L,Open,12,13
11/7/2021,11:20,2,Heatwave Day 2,Foreshore,A3F,Control,L,Open,12,13
11/7/2021,11:20,2,Heatwave Day 2,Bluestone,A57B,Control,L,Open,12,13
11/7/2021,11:20,2,Heatwave Day 2,Foreshore,A24F,Control,M,Open,12,13
11/7/2021,11:20,2,Heatwave Day 2,Bluestone,A43B,Control,M,Partially open,12,13
11/7/2021,11:20,2,Heatwave Day 2,Bluestone,A59B,Control,M,Open,12,13
11/7/2021,11:20,2,Heatwave Day 2,Foreshore,A10F,Control,N,Open,12,13
11/7/2021,11:20,2,Heatwave Day 2,Scotts,A29S,Control,N,Open,12,13
11/7/2021,11:20,2,Heatwave Day 2,Foreshore,A2F,Control,N,Open,12,13
11/7/2021,11:20,2,Heatwave Day 2,Foreshore,A21F,Control,O,Open,12,13
11/7/2021,11:20,2,Heatwave Day 2,Scotts,A27S,Control,O,Partially open,12,13
11/7/2021,11:20,2,Heatwave Day 2,Bluestone,A54B,Control,O,Open,12,13
11/7/2021,12:26,3,Heatwave Day 2,Foreshore,A25F,25C,A,Open,24,27
11/7/2021,12:26,3,Heatwave Day 2,Bluestone,A47B,25C,A,Open,24,27
11/7/2021,12:26,3,Heatwave Day 2,Bluestone,A55B,25C,A,Open,24,27
11/7/2021,12:26,3,Heatwave Day 2,Foreshore,A15F,25C,B,Open,24,27
11/7/2021,12:26,3,Heatwave Day 2,Scotts,A42S,25C,B,Open,24,27
11/7/2021,12:26,3,Heatwave Day 2,Foreshore,A6F,25C,B,Open,24,27
11/7/2021,12:26,3,Heatwave Day 2,Scotts,A30S,25C,C,Open,23,27
11/7/2021,12:26,3,Heatwave Day 2,Bluestone,A44B,25C,C,Open,23,27
11/7/2021,12:26,3,Heatwave Day 2,Bluestone,A46B,25C,C,Open,23,27
11/7/2021,12:26,3,Heatwave Day 2,Foreshore,A13F,25C,D,Open,23,27
11/7/2021,12:26,3,Heatwave Day 2,Foreshore,A16F,25C,D,Open,23,27
11/7/2021,12:26,3,Heatwave Day 2,Scotts,A41S,25C,D,Open,23,27
11/7/2021,12:26,3,Heatwave Day 2,Scotts,A28S,25C,E,Partially open,23,27
11/7/2021,12:26,3,Heatwave Day 2,Scotts,A35S,25C,E,Open,23,27
11/7/2021,12:26,3,Heatwave Day 2,Bluestone,A49B,25C,E,Open,23,27
11/7/2021,13:35,3,Heatwave Day 2,Foreshore,A26F,30C,F,Open,21,25
11/7/2021,13:35,3,Heatwave Day 2,Scotts,A34S,30C,F,Open,21,25
11/7/2021,13:35,3,Heatwave Day 2,Foreshore,A4F,30C,F,Open,21,25
11/7/2021,13:35,3,Heatwave Day 2,Foreshore,A14F,30C,G,Open,20,25
11/7/2021,13:35,3,Heatwave Day 2,Bluestone,A45B,30C,G,Open,20,25
11/7/2021,13:35,3,Heatwave Day 2,Bluestone,A56B,30C,G,Open,20,25
11/7/2021,13:35,3,Heatwave Day 2,Foreshore,A22F,30C,H,Open,21,25
11/7/2021,13:35,3,Heatwave Day 2,Scotts,A37S,30C,H,Open,21,25
11/7/2021,13:35,3,Heatwave Day 2,Bluestone,A51B,30C,H,Open,21,25
11/7/2021,13:35,3,Heatwave Day 2,Scotts,A38S,30C,I,Open,20,25
11/7/2021,13:35,3,Heatwave Day 2,Bluestone,A50B,30C,I,Open,20,25
11/7/2021,13:35,3,Heatwave Day 2,Bluestone,A60B,30C,I,Open,20,25
11/7/2021,13:35,3,Heatwave Day 2,Foreshore,A1F,30C,J,Open,20,25
11/7/2021,13:35,3,Heatwave Day 2,Foreshore,A23F,30C,J,Open,20,25
11/7/2021,13:35,3,Heatwave Day 2,Foreshore,A5F,30C,J,Open,20,25
11/7/2021,12:28,3,Heatwave Day 2,Foreshore,A18F,Control,K,Open,12,12
11/7/2021,12:28,3,Heatwave Day 2,Foreshore,A19F,Control,K,Open,12,12
11/7/2021,12:28,3,Heatwave Day 2,Scotts,A39S,Control,K,Open,12,12
11/7/2021,12:28,3,Heatwave Day 2,Foreshore,A12F,Control,L,Open,12,12
11/7/2021,12:28,3,Heatwave Day 2,Foreshore,A3F,Control,L,Open,12,12
11/7/2021,12:28,3,Heatwave Day 2,Bluestone,A57B,Control,L,Open,12,12
11/7/2021,12:28,3,Heatwave Day 2,Foreshore,A24F,Control,M,Open,12,12
11/7/2021,12:28,3,Heatwave Day 2,Bluestone,A43B,Control,M,Open,12,12
11/7/2021,12:28,3,Heatwave Day 2,Bluestone,A59B,Control,M,Open,12,12
11/7/2021,12:28,3,Heatwave Day 2,Foreshore,A10F,Control,N,Open,12,12
11/7/2021,12:28,3,Heatwave Day 2,Scotts,A29S,Control,N,Partially open,12,12
11/7/2021,12:28,3,Heatwave Day 2,Foreshore,A2F,Control,N,Open,12,12
11/7/2021,12:28,3,Heatwave Day 2,Foreshore,A21F,Control,O,Open,12,12
11/7/2021,12:28,3,Heatwave Day 2,Scotts,A27S,Control,O,Partially open,12,12
11/7/2021,12:28,3,Heatwave Day 2,Bluestone,A54B,Control,O,Open,12,12
11/7/2021,13:18,4,Heatwave Day 2,Foreshore,A25F,25C,A,Open,25,27
11/7/2021,13:18,4,Heatwave Day 2,Bluestone,A47B,25C,A,Open,25,27
11/7/2021,13:18,4,Heatwave Day 2,Bluestone,A55B,25C,A,Open,25,27
11/7/2021,13:18,4,Heatwave Day 2,Foreshore,A15F,25C,B,Open,25,27
11/7/2021,13:18,4,Heatwave Day 2,Scotts,A42S,25C,B,Open,25,27
11/7/2021,13:18,4,Heatwave Day 2,Foreshore,A6F,25C,B,Open,25,27
11/7/2021,13:18,4,Heatwave Day 2,Scotts,A30S,25C,C,Open,25,27
11/7/2021,13:18,4,Heatwave Day 2,Bluestone,A44B,25C,C,Open,25,27
11/7/2021,13:18,4,Heatwave Day 2,Bluestone,A46B,25C,C,Open,25,27
11/7/2021,13:18,4,Heatwave Day 2,Foreshore,A13F,25C,D,Open,25,27
11/7/2021,13:18,4,Heatwave Day 2,Foreshore,A16F,25C,D,Open,25,27
11/7/2021,13:18,4,Heatwave Day 2,Scotts,A41S,25C,D,Open,25,27
11/7/2021,13:18,4,Heatwave Day 2,Scotts,A28S,25C,E,Partially open,25,27
11/7/2021,13:18,4,Heatwave Day 2,Scotts,A35S,25C,E,Open,25,27
11/7/2021,13:22,4,Heatwave Day 2,Bluestone,A49B,25C,E,Open,25,27
11/7/2021,14:37,4,Heatwave Day 2,Foreshore,A26F,30C,F,Open,23,27
11/7/2021,14:37,4,Heatwave Day 2,Scotts,A34S,30C,F,Open,23,27
11/7/2021,14:37,4,Heatwave Day 2,Foreshore,A4F,30C,F,Partially open,23,27
11/7/2021,14:37,4,Heatwave Day 2,Foreshore,A14F,30C,G,Open,22,27
11/7/2021,14:37,4,Heatwave Day 2,Bluestone,A45B,30C,G,Open,22,27
11/7/2021,14:37,4,Heatwave Day 2,Bluestone,A56B,30C,G,Partially open,22,27
11/7/2021,14:37,4,Heatwave Day 2,Foreshore,A22F,30C,H,Open,23,27
11/7/2021,14:37,4,Heatwave Day 2,Scotts,A37S,30C,H,Open,23,27
11/7/2021,14:37,4,Heatwave Day 2,Bluestone,A51B,30C,H,Open,23,27
11/7/2021,14:37,4,Heatwave Day 2,Scotts,A38S,30C,I,Open,23,27
11/7/2021,14:37,4,Heatwave Day 2,Bluestone,A50B,30C,I,Open,23,27
11/7/2021,14:37,4,Heatwave Day 2,Bluestone,A60B,30C,I,Open,23,27
11/7/2021,14:37,4,Heatwave Day 2,Foreshore,A1F,30C,J,Open,22,27
11/7/2021,14:37,4,Heatwave Day 2,Foreshore,A23F,30C,J,Open,22,27
11/7/2021,14:37,4,Heatwave Day 2,Foreshore,A5F,30C,J,Open,22,27
11/7/2021,13:22,4,Heatwave Day 2,Foreshore,A18F,Control,K,Open,12,12
11/7/2021,13:22,4,Heatwave Day 2,Foreshore,A19F,Control,K,Open,12,12
11/7/2021,13:22,4,Heatwave Day 2,Scotts,A39S,Control,K,Open,12,12
11/7/2021,13:22,4,Heatwave Day 2,Foreshore,A12F,Control,L,Open,12,12
11/7/2021,13:22,4,Heatwave Day 2,Foreshore,A3F,Control,L,Open,12,12
11/7/2021,13:22,4,Heatwave Day 2,Bluestone,A57B,Control,L,Open,12,12
11/7/2021,13:22,4,Heatwave Day 2,Foreshore,A24F,Control,M,Open,12,12
11/7/2021,13:22,4,Heatwave Day 2,Bluestone,A43B,Control,M,Open,12,12
11/7/2021,13:22,4,Heatwave Day 2,Bluestone,A59B,Control,M,Open,12,12
11/7/2021,13:22,4,Heatwave Day 2,Foreshore,A10F,Control,N,Open,12,12
11/7/2021,13:22,4,Heatwave Day 2,Scotts,A29S,Control,N,Partially open,12,12
11/7/2021,13:22,4,Heatwave Day 2,Foreshore,A2F,Control,N,Open,12,12
11/7/2021,13:22,4,Heatwave Day 2,Foreshore,A21F,Control,O,Open,12,12
11/7/2021,13:22,4,Heatwave Day 2,Scotts,A27S,Control,O,Partially open,12,12
11/7/2021,13:22,4,Heatwave Day 2,Bluestone,A54B,Control,O,Open,12,12
11/7/2021,14:19,5,Heatwave Day 2,Foreshore,A25F,25C,A,Open,24,25
11/7/2021,14:19,5,Heatwave Day 2,Bluestone,A47B,25C,A,Open,24,25
11/7/2021,14:19,5,Heatwave Day 2,Bluestone,A55B,25C,A,Open,24,25
11/7/2021,14:19,5,Heatwave Day 2,Foreshore,A15F,25C,B,Open,24,25
11/7/2021,14:19,5,Heatwave Day 2,Scotts,A42S,25C,B,Open,24,25
11/7/2021,14:19,5,Heatwave Day 2,Foreshore,A6F,25C,B,Partially open,24,25
11/7/2021,14:19,5,Heatwave Day 2,Scotts,A30S,25C,C,Open,24,25
11/7/2021,14:19,5,Heatwave Day 2,Bluestone,A44B,25C,C,Open,24,25
11/7/2021,14:19,5,Heatwave Day 2,Bluestone,A46B,25C,C,Open,24,25
11/7/2021,14:19,5,Heatwave Day 2,Foreshore,A13F,25C,D,Open,24,25
11/7/2021,14:19,5,Heatwave Day 2,Foreshore,A16F,25C,D,Open,24,25
11/7/2021,14:19,5,Heatwave Day 2,Scotts,A41S,25C,D,Open,24,25
11/7/2021,14:19,5,Heatwave Day 2,Scotts,A28S,25C,E,Partially open,24,25
11/7/2021,14:19,5,Heatwave Day 2,Scotts,A35S,25C,E,Open,24,25
11/7/2021,14:19,5,Heatwave Day 2,Bluestone,A49B,25C,E,Partially open,24,25
11/7/2021,15:40,5,Heatwave Day 2,Foreshore,A26F,30C,F,Open,25,30
11/7/2021,15:40,5,Heatwave Day 2,Scotts,A34S,30C,F,Open,25,30
11/7/2021,15:40,5,Heatwave Day 2,Foreshore,A4F,30C,F,Open,25,30
11/7/2021,15:40,5,Heatwave Day 2,Foreshore,A14F,30C,G,Open,24,30
11/7/2021,15:40,5,Heatwave Day 2,Bluestone,A45B,30C,G,Open,24,30
11/7/2021,15:40,5,Heatwave Day 2,Bluestone,A56B,30C,G,Open,24,30
11/7/2021,15:40,5,Heatwave Day 2,Foreshore,A22F,30C,H,Open,25,30
11/7/2021,15:40,5,Heatwave Day 2,Scotts,A37S,30C,H,Open,25,30
11/7/2021,15:40,5,Heatwave Day 2,Bluestone,A51B,30C,H,Open,25,30
11/7/2021,15:40,5,Heatwave Day 2,Scotts,A38S,30C,I,Open,24,30
11/7/2021,15:40,5,Heatwave Day 2,Bluestone,A50B,30C,I,Open,24,30
11/7/2021,15:40,5,Heatwave Day 2,Bluestone,A60B,30C,I,Open,24,30
11/7/2021,15:40,5,Heatwave Day 2,Foreshore,A1F,30C,J,Open,25,30
11/7/2021,15:40,5,Heatwave Day 2,Foreshore,A23F,30C,J,Open,25,30
11/7/2021,15:40,5,Heatwave Day 2,Foreshore,A5F,30C,J,Open,25,30
11/7/2021,14:25,5,Heatwave Day 2,Foreshore,A18F,Control,K,Open,12,13
11/7/2021,14:25,5,Heatwave Day 2,Foreshore,A19F,Control,K,Open,12,13
11/7/2021,14:25,5,Heatwave Day 2,Scotts,A39S,Control,K,Partially open,12,13
11/7/2021,14:25,5,Heatwave Day 2,Foreshore,A12F,Control,L,Open,12,13
11/7/2021,14:25,5,Heatwave Day 2,Foreshore,A3F,Control,L,Open,12,13
11/7/2021,14:25,5,Heatwave Day 2,Bluestone,A57B,Control,L,Open,12,13
11/7/2021,14:25,5,Heatwave Day 2,Foreshore,A24F,Control,M,Open,12,13
11/7/2021,14:25,5,Heatwave Day 2,Bluestone,A43B,Control,M,Open,12,13
11/7/2021,14:25,5,Heatwave Day 2,Bluestone,A59B,Control,M,Partially open,12,13
11/7/2021,14:25,5,Heatwave Day 2,Foreshore,A10F,Control,N,Open,13,13
11/7/2021,14:25,5,Heatwave Day 2,Scotts,A29S,Control,N,Partially open,13,13
11/7/2021,14:25,5,Heatwave Day 2,Foreshore,A2F,Control,N,Open,13,13
11/7/2021,14:25,5,Heatwave Day 2,Foreshore,A21F,Control,O,Open,12,13
11/7/2021,14:25,5,Heatwave Day 2,Scotts,A27S,Control,O,Open,12,13
11/7/2021,14:25,5,Heatwave Day 2,Bluestone,A54B,Control,O,Open,12,13
11/7/2021,15:25,6,Heatwave Day 2,Foreshore,A25F,25C,A,Open,23,24
11/7/2021,15:25,6,Heatwave Day 2,Bluestone,A47B,25C,A,Open,23,24
11/7/2021,15:25,6,Heatwave Day 2,Bluestone,A55B,25C,A,Open,23,24
11/7/2021,15:25,6,Heatwave Day 2,Foreshore,A15F,25C,B,Open,24,24
11/7/2021,15:25,6,Heatwave Day 2,Scotts,A42S,25C,B,Open,24,24
11/7/2021,15:25,6,Heatwave Day 2,Foreshore,A6F,25C,B,Open,24,24
11/7/2021,15:25,6,Heatwave Day 2,Scotts,A30S,25C,C,Open,23,24
11/7/2021,15:25,6,Heatwave Day 2,Bluestone,A44B,25C,C,Open,23,24
11/7/2021,15:25,6,Heatwave Day 2,Bluestone,A46B,25C,C,Open,23,24
11/7/2021,15:25,6,Heatwave Day 2,Foreshore,A13F,25C,D,Open,23,24
11/7/2021,15:25,6,Heatwave Day 2,Foreshore,A16F,25C,D,Open,23,24
11/7/2021,15:25,6,Heatwave Day 2,Scotts,A41S,25C,D,Open,23,24
11/7/2021,15:25,6,Heatwave Day 2,Scotts,A28S,25C,E,Partially open,23,24
11/7/2021,15:25,6,Heatwave Day 2,Scotts,A35S,25C,E,Open,23,24
11/7/2021,15:25,6,Heatwave Day 2,Bluestone,A49B,25C,E,Partially open,23,24
11/7/2021,16:33,6,Heatwave Day 2,Foreshore,A26F,30C,F,Open,28,32
11/7/2021,16:33,6,Heatwave Day 2,Scotts,A34S,30C,F,Partially open,28,32
11/7/2021,16:33,6,Heatwave Day 2,Foreshore,A4F,30C,F,Partially open,28,32
11/7/2021,16:33,6,Heatwave Day 2,Foreshore,A14F,30C,G,Partially open,27,32
11/7/2021,16:33,6,Heatwave Day 2,Bluestone,A45B,30C,G,Partially open,27,32
11/7/2021,16:33,6,Heatwave Day 2,Bluestone,A56B,30C,G,Partially open,27,32
11/7/2021,16:33,6,Heatwave Day 2,Foreshore,A22F,30C,H,Open,28,32
11/7/2021,16:33,6,Heatwave Day 2,Scotts,A37S,30C,H,Partially open,28,32
11/7/2021,16:33,6,Heatwave Day 2,Bluestone,A51B,30C,H,Open,28,32
11/7/2021,16:33,6,Heatwave Day 2,Scotts,A38S,30C,I,Open,28,32
11/7/2021,16:33,6,Heatwave Day 2,Bluestone,A50B,30C,I,Open,28,32
11/7/2021,16:33,6,Heatwave Day 2,Bluestone,A60B,30C,I,Partially open,28,32
11/7/2021,16:33,6,Heatwave Day 2,Foreshore,A1F,30C,J,Open,28,32
11/7/2021,16:33,6,Heatwave Day 2,Foreshore,A23F,30C,J,Open,28,32
11/7/2021,16:33,6,Heatwave Day 2,Foreshore,A5F,30C,J,Open,28,32
11/7/2021,15:28,6,Heatwave Day 2,Foreshore,A18F,Control,K,Open,12,13
11/7/2021,15:28,6,Heatwave Day 2,Foreshore,A19F,Control,K,Open,12,13
11/7/2021,15:28,6,Heatwave Day 2,Scotts,A39S,Control,K,Partially open,12,13
11/7/2021,15:28,6,Heatwave Day 2,Foreshore,A12F,Control,L,Open,12,13
11/7/2021,15:28,6,Heatwave Day 2,Foreshore,A3F,Control,L,Open,12,13
11/7/2021,15:28,6,Heatwave Day 2,Bluestone,A57B,Control,L,Open,12,13
11/7/2021,15:28,6,Heatwave Day 2,Foreshore,A24F,Control,M,Open,12,13
11/7/2021,15:28,6,Heatwave Day 2,Bluestone,A43B,Control,M,Open,12,13
11/7/2021,15:28,6,Heatwave Day 2,Bluestone,A59B,Control,M,Partially open,12,13
11/7/2021,15:28,6,Heatwave Day 2,Foreshore,A10F,Control,N,Open,13,13
11/7/2021,15:28,6,Heatwave Day 2,Scotts,A29S,Control,N,Partially open,13,13
11/7/2021,15:28,6,Heatwave Day 2,Foreshore,A2F,Control,N,Open,13,13
11/7/2021,15:28,6,Heatwave Day 2,Foreshore,A21F,Control,O,Open,12,13
11/7/2021,15:28,6,Heatwave Day 2,Scotts,A27S,Control,O,Open,12,13
11/7/2021,15:28,6,Heatwave Day 2,Bluestone,A54B,Control,O,Open,12,13
11/8/2021,8:47,0,Heatwave Day 3,Foreshore,A25F,25C,A,Open,12,12
11/8/2021,8:47,0,Heatwave Day 3,Bluestone,A47B,25C,A,Open,12,12
11/8/2021,8:47,0,Heatwave Day 3,Bluestone,A55B,25C,A,Open,12,12
11/8/2021,8:47,0,Heatwave Day 3,Foreshore,A15F,25C,B,Open,12,12
11/8/2021,8:47,0,Heatwave Day 3,Scotts,A42S,25C,B,Open,12,12
11/8/2021,8:47,0,Heatwave Day 3,Foreshore,A6F,25C,B,Open,12,12
11/8/2021,8:47,0,Heatwave Day 3,Scotts,A30S,25C,C,Open,12,12
11/8/2021,8:47,0,Heatwave Day 3,Bluestone,A44B,25C,C,Open,12,12
11/8/2021,8:47,0,Heatwave Day 3,Bluestone,A46B,25C,C,Open,12,12
11/8/2021,8:47,0,Heatwave Day 3,Foreshore,A13F,25C,D,Open,12,12
11/8/2021,8:47,0,Heatwave Day 3,Foreshore,A16F,25C,D,Open,12,12
11/8/2021,8:47,0,Heatwave Day 3,Scotts,A41S,25C,D,Open,12,12
11/8/2021,8:47,0,Heatwave Day 3,Scotts,A28S,25C,E,Open,12,12
11/8/2021,8:47,0,Heatwave Day 3,Scotts,A35S,25C,E,Open,12,12
11/8/2021,8:47,0,Heatwave Day 3,Bluestone,A49B,25C,E,Open,12,12
11/8/2021,9:03,0,Heatwave Day 3,Foreshore,A26F,30C,F,Open,12,15
11/8/2021,9:03,0,Heatwave Day 3,Scotts,A34S,30C,F,Open,12,15
11/8/2021,9:03,0,Heatwave Day 3,Foreshore,A4F,30C,F,Open,12,15
11/8/2021,9:03,0,Heatwave Day 3,Foreshore,A14F,30C,G,Open,12,15
11/8/2021,9:03,0,Heatwave Day 3,Bluestone,A45B,30C,G,Open,12,15
11/8/2021,9:03,0,Heatwave Day 3,Bluestone,A56B,30C,G,Open,12,15
11/8/2021,9:03,0,Heatwave Day 3,Foreshore,A22F,30C,H,Open,12,15
11/8/2021,9:03,0,Heatwave Day 3,Scotts,A37S,30C,H,Open,12,15
11/8/2021,9:03,0,Heatwave Day 3,Bluestone,A51B,30C,H,Open,12,15
11/8/2021,9:03,0,Heatwave Day 3,Scotts,A38S,30C,I,Open,12,15
11/8/2021,9:03,0,Heatwave Day 3,Bluestone,A50B,30C,I,Open,12,15
11/8/2021,9:03,0,Heatwave Day 3,Bluestone,A60B,30C,I,Open,12,15
11/8/2021,9:03,0,Heatwave Day 3,Foreshore,A1F,30C,J,Open,12,15
11/8/2021,9:03,0,Heatwave Day 3,Foreshore,A23F,30C,J,Open,12,15
11/8/2021,9:03,0,Heatwave Day 3,Foreshore,A5F,30C,J,Open,12,15
11/8/2021,8:49,0,Heatwave Day 3,Foreshore,A18F,Control,K,Open,12,12
11/8/2021,8:49,0,Heatwave Day 3,Foreshore,A19F,Control,K,Open,12,12
11/8/2021,8:49,0,Heatwave Day 3,Scotts,A39S,Control,K,Open,12,12
11/8/2021,8:49,0,Heatwave Day 3,Foreshore,A12F,Control,L,Open,12,12
11/8/2021,8:49,0,Heatwave Day 3,Foreshore,A3F,Control,L,Open,12,12
11/8/2021,8:49,0,Heatwave Day 3,Bluestone,A57B,Control,L,Open,12,12
11/8/2021,8:49,0,Heatwave Day 3,Foreshore,A24F,Control,M,Open,12,12
11/8/2021,8:49,0,Heatwave Day 3,Bluestone,A43B,Control,M,Open,12,12
11/8/2021,8:49,0,Heatwave Day 3,Bluestone,A59B,Control,M,Open,12,12
11/8/2021,8:49,0,Heatwave Day 3,Foreshore,A10F,Control,N,Open,12,12
11/8/2021,8:49,0,Heatwave Day 3,Scotts,A29S,Control,N,Open,12,12
11/8/2021,8:49,0,Heatwave Day 3,Foreshore,A2F,Control,N,Open,12,12
11/8/2021,8:49,0,Heatwave Day 3,Foreshore,A21F,Control,O,Open,12,12
11/8/2021,8:49,0,Heatwave Day 3,Scotts,A27S,Control,O,Open,12,12
11/8/2021,8:49,0,Heatwave Day 3,Bluestone,A54B,Control,O,Open,12,12
11/8/2021,9:47,1,Heatwave Day 3,Foreshore,A25F,25C,A,Open,16,22
11/8/2021,9:47,1,Heatwave Day 3,Bluestone,A47B,25C,A,Open,16,22
11/8/2021,9:47,1,Heatwave Day 3,Bluestone,A55B,25C,A,Open,16,22
11/8/2021,9:47,1,Heatwave Day 3,Foreshore,A15F,25C,B,Open,16,22
11/8/2021,9:47,1,Heatwave Day 3,Scotts,A42S,25C,B,Open,16,22
11/8/2021,9:47,1,Heatwave Day 3,Foreshore,A6F,25C,B,Open,16,22
11/8/2021,9:47,1,Heatwave Day 3,Scotts,A30S,25C,C,Partially open,16,22
11/8/2021,9:47,1,Heatwave Day 3,Bluestone,A44B,25C,C,Open,16,22
11/8/2021,9:47,1,Heatwave Day 3,Bluestone,A46B,25C,C,Open,16,22
11/8/2021,9:47,1,Heatwave Day 3,Foreshore,A13F,25C,D,Open,16,22
11/8/2021,9:47,1,Heatwave Day 3,Foreshore,A16F,25C,D,Open,16,22
11/8/2021,9:47,1,Heatwave Day 3,Scotts,A41S,25C,D,Open,16,22
11/8/2021,9:47,1,Heatwave Day 3,Scotts,A28S,25C,E,Open,16,22
11/8/2021,9:47,1,Heatwave Day 3,Scotts,A35S,25C,E,Open,16,22
11/8/2021,9:47,1,Heatwave Day 3,Bluestone,A49B,25C,E,Open,16,22
11/8/2021,10:00,1,Heatwave Day 3,Foreshore,A26F,30C,F,Open,14,19
11/8/2021,10:00,1,Heatwave Day 3,Scotts,A34S,30C,F,Partially open,14,19
11/8/2021,10:00,1,Heatwave Day 3,Foreshore,A4F,30C,F,Open,14,19
11/8/2021,10:00,1,Heatwave Day 3,Foreshore,A14F,30C,G,Open,14,19
11/8/2021,10:00,1,Heatwave Day 3,Bluestone,A45B,30C,G,Open,14,19
11/8/2021,10:00,1,Heatwave Day 3,Bluestone,A56B,30C,G,Open,14,19
11/8/2021,10:00,1,Heatwave Day 3,Foreshore,A22F,30C,H,Open,15,19
11/8/2021,10:00,1,Heatwave Day 3,Scotts,A37S,30C,H,Open,15,19
11/8/2021,10:00,1,Heatwave Day 3,Bluestone,A51B,30C,H,Open,15,19
11/8/2021,10:00,1,Heatwave Day 3,Scotts,A38S,30C,I,Open,14,19
11/8/2021,10:00,1,Heatwave Day 3,Bluestone,A50B,30C,I,Open,14,19
11/8/2021,10:00,1,Heatwave Day 3,Bluestone,A60B,30C,I,Open,14,19
11/8/2021,10:00,1,Heatwave Day 3,Foreshore,A1F,30C,J,Open,15,19
11/8/2021,10:00,1,Heatwave Day 3,Foreshore,A23F,30C,J,Open,15,19
11/8/2021,10:00,1,Heatwave Day 3,Foreshore,A5F,30C,J,Open,15,19
11/8/2021,9:50,1,Heatwave Day 3,Foreshore,A18F,Control,K,Open,12,12
11/8/2021,9:50,1,Heatwave Day 3,Foreshore,A19F,Control,K,Open,12,12
11/8/2021,9:50,1,Heatwave Day 3,Scotts,A39S,Control,K,Open,12,12
11/8/2021,9:50,1,Heatwave Day 3,Foreshore,A12F,Control,L,Open,12,12
11/8/2021,9:50,1,Heatwave Day 3,Foreshore,A3F,Control,L,Open,12,12
11/8/2021,9:50,1,Heatwave Day 3,Bluestone,A57B,Control,L,Open,12,12
11/8/2021,9:50,1,Heatwave Day 3,Foreshore,A24F,Control,M,Open,12,12
11/8/2021,9:50,1,Heatwave Day 3,Bluestone,A43B,Control,M,Open,12,12
11/8/2021,9:50,1,Heatwave Day 3,Bluestone,A59B,Control,M,Open,12,12
11/8/2021,9:50,1,Heatwave Day 3,Foreshore,A10F,Control,N,Open,12,12
11/8/2021,9:50,1,Heatwave Day 3,Scotts,A29S,Control,N,Open,12,12
11/8/2021,9:50,1,Heatwave Day 3,Foreshore,A2F,Control,N,Open,12,12
11/8/2021,9:50,1,Heatwave Day 3,Foreshore,A21F,Control,O,Open,12,12
11/8/2021,9:50,1,Heatwave Day 3,Scotts,A27S,Control,O,Open,12,12
11/8/2021,9:50,1,Heatwave Day 3,Bluestone,A54B,Control,O,Open,12,12
11/8/2021,10:44,2,Heatwave Day 3,Foreshore,A25F,25C,A,Partially open,21,26
11/8/2021,10:44,2,Heatwave Day 3,Bluestone,A47B,25C,A,Partially open,21,26
11/8/2021,10:44,2,Heatwave Day 3,Bluestone,A55B,25C,A,Open,21,26
11/8/2021,10:44,2,Heatwave Day 3,Foreshore,A15F,25C,B,Open,20,26
11/8/2021,10:44,2,Heatwave Day 3,Scotts,A42S,25C,B,Open,20,26
11/8/2021,10:44,2,Heatwave Day 3,Foreshore,A6F,25C,B,Open,20,26
11/8/2021,10:44,2,Heatwave Day 3,Scotts,A30S,25C,C,Partially open,21,26
11/8/2021,10:44,2,Heatwave Day 3,Bluestone,A44B,25C,C,Open,21,26
11/8/2021,10:44,2,Heatwave Day 3,Bluestone,A46B,25C,C,Open,21,26
11/8/2021,10:44,2,Heatwave Day 3,Foreshore,A13F,25C,D,Open,21,26
11/8/2021,10:44,2,Heatwave Day 3,Foreshore,A16F,25C,D,Open,21,26
11/8/2021,10:44,2,Heatwave Day 3,Scotts,A41S,25C,D,Open,21,26
11/8/2021,10:44,2,Heatwave Day 3,Scotts,A28S,25C,E,Open,21,26
11/8/2021,10:44,2,Heatwave Day 3,Scotts,A35S,25C,E,Open,21,26
11/8/2021,10:44,2,Heatwave Day 3,Bluestone,A49B,25C,E,Open,21,26
11/8/2021,10:55,2,Heatwave Day 3,Foreshore,A26F,30C,F,Partially open,18,26
11/8/2021,10:55,2,Heatwave Day 3,Scotts,A34S,30C,F,Open,18,26
11/8/2021,10:55,2,Heatwave Day 3,Foreshore,A4F,30C,F,Open,18,26
11/8/2021,10:55,2,Heatwave Day 3,Foreshore,A14F,30C,G,Open,18,26
11/8/2021,10:55,2,Heatwave Day 3,Bluestone,A45B,30C,G,Open,18,26
11/8/2021,10:55,2,Heatwave Day 3,Bluestone,A56B,30C,G,Open,18,26
11/8/2021,10:55,2,Heatwave Day 3,Foreshore,A22F,30C,H,Open,18,26
11/8/2021,10:55,2,Heatwave Day 3,Scotts,A37S,30C,H,Open,18,26
11/8/2021,10:55,2,Heatwave Day 3,Bluestone,A51B,30C,H,Open,18,26
11/8/2021,10:55,2,Heatwave Day 3,Scotts,A38S,30C,I,Open,18,26
11/8/2021,10:55,2,Heatwave Day 3,Bluestone,A50B,30C,I,Open,18,26
11/8/2021,10:55,2,Heatwave Day 3,Bluestone,A60B,30C,I,Open,18,26
11/8/2021,10:55,2,Heatwave Day 3,Foreshore,A1F,30C,J,Open,18,26
11/8/2021,10:55,2,Heatwave Day 3,Foreshore,A23F,30C,J,Open,18,26
11/8/2021,10:55,2,Heatwave Day 3,Foreshore,A5F,30C,J,Open,18,26
11/8/2021,10:46,2,Heatwave Day 3,Foreshore,A18F,Control,K,Open,12,12
11/8/2021,10:46,2,Heatwave Day 3,Foreshore,A19F,Control,K,Open,12,12
11/8/2021,10:46,2,Heatwave Day 3,Scotts,A39S,Control,K,Partially open,12,12
11/8/2021,10:46,2,Heatwave Day 3,Foreshore,A12F,Control,L,Open,12,12
11/8/2021,10:46,2,Heatwave Day 3,Foreshore,A3F,Control,L,Open,12,12
11/8/2021,10:46,2,Heatwave Day 3,Bluestone,A57B,Control,L,Open,12,12
11/8/2021,10:46,2,Heatwave Day 3,Foreshore,A24F,Control,M,Open,12,12
11/8/2021,10:46,2,Heatwave Day 3,Bluestone,A43B,Control,M,Open,12,12
11/8/2021,10:46,2,Heatwave Day 3,Bluestone,A59B,Control,M,Open,12,12
11/8/2021,10:46,2,Heatwave Day 3,Foreshore,A10F,Control,N,Open,12,12
11/8/2021,10:46,2,Heatwave Day 3,Scotts,A29S,Control,N,Open,12,12
11/8/2021,10:46,2,Heatwave Day 3,Foreshore,A2F,Control,N,Open,12,12
11/8/2021,10:46,2,Heatwave Day 3,Foreshore,A21F,Control,O,Open,12,12
11/8/2021,10:46,2,Heatwave Day 3,Scotts,A27S,Control,O,Open,12,12
11/8/2021,10:46,2,Heatwave Day 3,Bluestone,A54B,Control,O,Open,12,12
11/8/2021,11:42,3,Heatwave Day 3,Foreshore,A25F,25C,A,Open,24,27
11/8/2021,11:42,3,Heatwave Day 3,Bluestone,A47B,25C,A,Open,24,27
11/8/2021,11:42,3,Heatwave Day 3,Bluestone,A55B,25C,A,Open,24,27
11/8/2021,11:42,3,Heatwave Day 3,Foreshore,A15F,25C,B,Open,24,27
11/8/2021,11:42,3,Heatwave Day 3,Scotts,A42S,25C,B,Open,24,27
11/8/2021,11:42,3,Heatwave Day 3,Foreshore,A6F,25C,B,Open,24,27
11/8/2021,11:42,3,Heatwave Day 3,Scotts,A30S,25C,C,Open,24,27
11/8/2021,11:42,3,Heatwave Day 3,Bluestone,A44B,25C,C,Open,24,27
11/8/2021,11:42,3,Heatwave Day 3,Bluestone,A46B,25C,C,Open,24,27
11/8/2021,11:42,3,Heatwave Day 3,Foreshore,A13F,25C,D,Open,24,27
11/8/2021,11:42,3,Heatwave Day 3,Foreshore,A16F,25C,D,Open,24,27
11/8/2021,11:42,3,Heatwave Day 3,Scotts,A41S,25C,D,Open,24,27
11/8/2021,11:42,3,Heatwave Day 3,Scotts,A28S,25C,E,Open,24,27
11/8/2021,11:42,3,Heatwave Day 3,Scotts,A35S,25C,E,Open,24,27
11/8/2021,11:42,3,Heatwave Day 3,Bluestone,A49B,25C,E,Open,24,27
11/8/2021,11:52,3,Heatwave Day 3,Foreshore,A26F,30C,F,Open,23,31
11/8/2021,11:52,3,Heatwave Day 3,Scotts,A34S,30C,F,Open,23,31
11/8/2021,11:52,3,Heatwave Day 3,Foreshore,A4F,30C,F,Open,23,31
11/8/2021,11:52,3,Heatwave Day 3,Foreshore,A14F,30C,G,Open,23,31
11/8/2021,11:52,3,Heatwave Day 3,Bluestone,A45B,30C,G,Open,23,31
11/8/2021,11:52,3,Heatwave Day 3,Bluestone,A56B,30C,G,Partially open,23,31
11/8/2021,11:52,3,Heatwave Day 3,Foreshore,A22F,30C,H,Open,23,31
11/8/2021,11:52,3,Heatwave Day 3,Scotts,A37S,30C,H,Open,23,31
11/8/2021,11:52,3,Heatwave Day 3,Bluestone,A51B,30C,H,Partially open,23,31
11/8/2021,11:52,3,Heatwave Day 3,Scotts,A38S,30C,I,Open,23,31
11/8/2021,11:52,3,Heatwave Day 3,Bluestone,A50B,30C,I,Open,23,31
11/8/2021,11:52,3,Heatwave Day 3,Bluestone,A60B,30C,I,Open,23,31
11/8/2021,11:52,3,Heatwave Day 3,Foreshore,A1F,30C,J,Open,25,31
11/8/2021,11:52,3,Heatwave Day 3,Foreshore,A23F,30C,J,Open,25,31
11/8/2021,11:52,3,Heatwave Day 3,Foreshore,A5F,30C,J,Open,25,31
11/8/2021,11:44,3,Heatwave Day 3,Foreshore,A18F,Control,K,Open,12,13
11/8/2021,11:44,3,Heatwave Day 3,Foreshore,A19F,Control,K,Open,12,13
11/8/2021,11:44,3,Heatwave Day 3,Scotts,A39S,Control,K,Open,12,13
11/8/2021,11:44,3,Heatwave Day 3,Foreshore,A12F,Control,L,Open,12,13
11/8/2021,11:44,3,Heatwave Day 3,Foreshore,A3F,Control,L,Partially open,12,13
11/8/2021,11:44,3,Heatwave Day 3,Bluestone,A57B,Control,L,Open,12,13
11/8/2021,11:44,3,Heatwave Day 3,Foreshore,A24F,Control,M,Open,12,13
11/8/2021,11:44,3,Heatwave Day 3,Bluestone,A43B,Control,M,Open,12,13
11/8/2021,11:44,3,Heatwave Day 3,Bluestone,A59B,Control,M,Open,12,13
11/8/2021,11:44,3,Heatwave Day 3,Foreshore,A10F,Control,N,Open,12,13
11/8/2021,11:44,3,Heatwave Day 3,Scotts,A29S,Control,N,Open,12,13
11/8/2021,11:44,3,Heatwave Day 3,Foreshore,A2F,Control,N,Open,12,13
11/8/2021,11:44,3,Heatwave Day 3,Foreshore,A21F,Control,O,Open,12,13
11/8/2021,11:44,3,Heatwave Day 3,Scotts,A27S,Control,O,Open,12,13
11/8/2021,11:44,3,Heatwave Day 3,Bluestone,A54B,Control,O,Partially open,12,13
11/8/2021,12:50,4,Heatwave Day 3,Foreshore,A25F,25C,A,Open,25,27
11/8/2021,12:50,4,Heatwave Day 3,Bluestone,A47B,25C,A,Open,25,27
11/8/2021,12:50,4,Heatwave Day 3,Bluestone,A55B,25C,A,Open,25,27
11/8/2021,12:50,4,Heatwave Day 3,Foreshore,A15F,25C,B,Partially open,25,27
11/8/2021,12:50,4,Heatwave Day 3,Scotts,A42S,25C,B,Open,25,27
11/8/2021,12:50,4,Heatwave Day 3,Foreshore,A6F,25C,B,Open,25,27
11/8/2021,12:50,4,Heatwave Day 3,Scotts,A30S,25C,C,Open,25,27
11/8/2021,12:50,4,Heatwave Day 3,Bluestone,A44B,25C,C,Open,25,27
11/8/2021,12:50,4,Heatwave Day 3,Bluestone,A46B,25C,C,Open,25,27
11/8/2021,12:50,4,Heatwave Day 3,Foreshore,A13F,25C,D,Open,25,27
11/8/2021,12:50,4,Heatwave Day 3,Foreshore,A16F,25C,D,Open,25,27
11/8/2021,12:50,4,Heatwave Day 3,Scotts,A41S,25C,D,Open,25,27
11/8/2021,12:50,4,Heatwave Day 3,Scotts,A28S,25C,E,Open,25,27
11/8/2021,12:50,4,Heatwave Day 3,Scotts,A35S,25C,E,Open,25,27
11/8/2021,12:50,4,Heatwave Day 3,Bluestone,A49B,25C,E,Partially open,25,27
11/8/2021,13:01,4,Heatwave Day 3,Foreshore,A26F,30C,F,Open,28,32
11/8/2021,13:01,4,Heatwave Day 3,Scotts,A34S,30C,F,Open,28,32
11/8/2021,13:01,4,Heatwave Day 3,Foreshore,A4F,30C,F,Open,28,32
11/8/2021,13:01,4,Heatwave Day 3,Foreshore,A14F,30C,G,Open,27,32
11/8/2021,13:01,4,Heatwave Day 3,Bluestone,A45B,30C,G,Open,27,32
11/8/2021,13:01,4,Heatwave Day 3,Bluestone,A56B,30C,G,Partially open,27,32
11/8/2021,13:01,4,Heatwave Day 3,Foreshore,A22F,30C,H,Open,27,32
11/8/2021,13:01,4,Heatwave Day 3,Scotts,A37S,30C,H,Partially open,27,32
11/8/2021,13:01,4,Heatwave Day 3,Bluestone,A51B,30C,H,Partially open,27,32
11/8/2021,13:01,4,Heatwave Day 3,Scotts,A38S,30C,I,Open,28,32
11/8/2021,13:01,4,Heatwave Day 3,Bluestone,A50B,30C,I,Open,28,32
11/8/2021,13:01,4,Heatwave Day 3,Bluestone,A60B,30C,I,Open,28,32
11/8/2021,13:01,4,Heatwave Day 3,Foreshore,A1F,30C,J,Partially open,28,32
11/8/2021,13:01,4,Heatwave Day 3,Foreshore,A23F,30C,J,Open,28,32
11/8/2021,13:01,4,Heatwave Day 3,Foreshore,A5F,30C,J,Open,28,32
11/8/2021,12:53,4,Heatwave Day 3,Foreshore,A18F,Control,K,Open,13,13
11/8/2021,12:53,4,Heatwave Day 3,Foreshore,A19F,Control,K,Open,13,13
11/8/2021,12:53,4,Heatwave Day 3,Scotts,A39S,Control,K,Open,13,13
11/8/2021,12:53,4,Heatwave Day 3,Foreshore,A12F,Control,L,Open,12,13
11/8/2021,12:53,4,Heatwave Day 3,Foreshore,A3F,Control,L,Partially open,12,13
11/8/2021,12:53,4,Heatwave Day 3,Bluestone,A57B,Control,L,Open,12,13
11/8/2021,12:53,4,Heatwave Day 3,Foreshore,A24F,Control,M,Open,12,13
11/8/2021,12:53,4,Heatwave Day 3,Bluestone,A43B,Control,M,Open,12,13
11/8/2021,12:53,4,Heatwave Day 3,Bluestone,A59B,Control,M,Open,12,13
11/8/2021,12:53,4,Heatwave Day 3,Foreshore,A10F,Control,N,Open,12,13
11/8/2021,12:53,4,Heatwave Day 3,Scotts,A29S,Control,N,Open,12,13
11/8/2021,12:53,4,Heatwave Day 3,Foreshore,A2F,Control,N,Open,12,13
11/8/2021,12:53,4,Heatwave Day 3,Foreshore,A21F,Control,O,Open,12,13
11/8/2021,12:53,4,Heatwave Day 3,Scotts,A27S,Control,O,Partially open,12,13
11/8/2021,12:53,4,Heatwave Day 3,Bluestone,A54B,Control,O,Open,12,13
11/8/2021,13:45,5,Heatwave Day 3,Foreshore,A25F,25C,A,Open,25,27
11/8/2021,13:45,5,Heatwave Day 3,Bluestone,A47B,25C,A,Open,25,27
11/8/2021,13:45,5,Heatwave Day 3,Bluestone,A55B,25C,A,Open,25,27
11/8/2021,13:45,5,Heatwave Day 3,Foreshore,A15F,25C,B,Open,25,27
11/8/2021,13:45,5,Heatwave Day 3,Scotts,A42S,25C,B,Open,25,27
11/8/2021,13:45,5,Heatwave Day 3,Foreshore,A6F,25C,B,Open,25,27
11/8/2021,13:45,5,Heatwave Day 3,Scotts,A30S,25C,C,Open,25,27
11/8/2021,13:45,5,Heatwave Day 3,Bluestone,A44B,25C,C,Open,25,27
11/8/2021,13:45,5,Heatwave Day 3,Bluestone,A46B,25C,C,Open,25,27
11/8/2021,13:45,5,Heatwave Day 3,Foreshore,A13F,25C,D,Open,25,27
11/8/2021,13:45,5,Heatwave Day 3,Foreshore,A16F,25C,D,Open,25,27
11/8/2021,13:45,5,Heatwave Day 3,Scotts,A41S,25C,D,Open,25,27
11/8/2021,13:45,5,Heatwave Day 3,Scotts,A28S,25C,E,Open,25,27
11/8/2021,13:45,5,Heatwave Day 3,Scotts,A35S,25C,E,Open,25,27
11/8/2021,13:45,5,Heatwave Day 3,Bluestone,A49B,25C,E,Open,25,27
11/8/2021,13:55,5,Heatwave Day 3,Foreshore,A26F,30C,F,Partially open,29,33
11/8/2021,13:55,5,Heatwave Day 3,Scotts,A34S,30C,F,Partially open,29,33
11/8/2021,13:55,5,Heatwave Day 3,Foreshore,A4F,30C,F,Open,29,33
11/8/2021,13:55,5,Heatwave Day 3,Foreshore,A14F,30C,G,Partially open,29,33
11/8/2021,13:55,5,Heatwave Day 3,Bluestone,A45B,30C,G,Partially open,29,33
11/8/2021,13:55,5,Heatwave Day 3,Bluestone,A56B,30C,G,Partially open,29,33
11/8/2021,13:55,5,Heatwave Day 3,Foreshore,A22F,30C,H,Open,29,33
11/8/2021,13:55,5,Heatwave Day 3,Scotts,A37S,30C,H,Open,29,33
11/8/2021,13:55,5,Heatwave Day 3,Bluestone,A51B,30C,H,Partially open,29,33
11/8/2021,13:55,5,Heatwave Day 3,Scotts,A38S,30C,I,Partially open,29,33
11/8/2021,13:55,5,Heatwave Day 3,Bluestone,A50B,30C,I,Partially open,29,33
11/8/2021,13:55,5,Heatwave Day 3,Bluestone,A60B,30C,I,Partially open,29,33
11/8/2021,13:55,5,Heatwave Day 3,Foreshore,A1F,30C,J,Partially open,30,33
11/8/2021,13:55,5,Heatwave Day 3,Foreshore,A23F,30C,J,Open,30,33
11/8/2021,13:55,5,Heatwave Day 3,Foreshore,A5F,30C,J,Open,30,33
11/8/2021,13:48,5,Heatwave Day 3,Foreshore,A18F,Control,K,Open,13,13
11/8/2021,13:48,5,Heatwave Day 3,Foreshore,A19F,Control,K,Open,13,13
11/8/2021,13:48,5,Heatwave Day 3,Scotts,A39S,Control,K,Open,13,13
11/8/2021,13:48,5,Heatwave Day 3,Foreshore,A12F,Control,L,Open,13,13
11/8/2021,13:48,5,Heatwave Day 3,Foreshore,A3F,Control,L,Open,13,13
11/8/2021,13:48,5,Heatwave Day 3,Bluestone,A57B,Control,L,Open,13,13
11/8/2021,13:48,5,Heatwave Day 3,Foreshore,A24F,Control,M,Open,13,13
11/8/2021,13:48,5,Heatwave Day 3,Bluestone,A43B,Control,M,Open,13,13
11/8/2021,13:48,5,Heatwave Day 3,Bluestone,A59B,Control,M,Open,13,13
11/8/2021,13:48,5,Heatwave Day 3,Foreshore,A10F,Control,N,Open,13,13
11/8/2021,13:48,5,Heatwave Day 3,Scotts,A29S,Control,N,Open,13,13
11/8/2021,13:48,5,Heatwave Day 3,Foreshore,A2F,Control,N,Open,13,13
11/8/2021,13:48,5,Heatwave Day 3,Foreshore,A21F,Control,O,Open,13,13
11/8/2021,13:48,5,Heatwave Day 3,Scotts,A27S,Control,O,Partially open,13,13
11/8/2021,13:48,5,Heatwave Day 3,Bluestone,A54B,Control,O,Open,13,13
11/8/2021,14:42,6,Heatwave Day 3,Foreshore,A25F,25C,A,Open,25,27
11/8/2021,14:42,6,Heatwave Day 3,Bluestone,A47B,25C,A,Partially open,25,27
11/8/2021,14:42,6,Heatwave Day 3,Bluestone,A55B,25C,A,Open,25,27
11/8/2021,14:42,6,Heatwave Day 3,Foreshore,A15F,25C,B,Open,25,27
11/8/2021,14:42,6,Heatwave Day 3,Scotts,A42S,25C,B,Partially open,25,27
11/8/2021,14:42,6,Heatwave Day 3,Foreshore,A6F,25C,B,Open,25,27
11/8/2021,14:42,6,Heatwave Day 3,Scotts,A30S,25C,C,Partially open,25,27
11/8/2021,14:42,6,Heatwave Day 3,Bluestone,A44B,25C,C,Open,25,27
11/8/2021,14:42,6,Heatwave Day 3,Bluestone,A46B,25C,C,Open,25,27
11/8/2021,14:42,6,Heatwave Day 3,Foreshore,A13F,25C,D,Partially open,26,27
11/8/2021,14:42,6,Heatwave Day 3,Foreshore,A16F,25C,D,Open,26,27
11/8/2021,14:42,6,Heatwave Day 3,Scotts,A41S,25C,D,Open,26,27
11/8/2021,14:42,6,Heatwave Day 3,Scotts,A28S,25C,E,Open,26,27
11/8/2021,14:42,6,Heatwave Day 3,Scotts,A35S,25C,E,Open,26,27
11/8/2021,14:42,6,Heatwave Day 3,Bluestone,A49B,25C,E,Partially open,26,27
11/8/2021,14:55,6,Heatwave Day 3,Foreshore,A26F,30C,F,Partially open,30,33
11/8/2021,14:55,6,Heatwave Day 3,Scotts,A34S,30C,F,Partially open,30,33
11/8/2021,14:55,6,Heatwave Day 3,Foreshore,A4F,30C,F,Open,30,33
11/8/2021,14:55,6,Heatwave Day 3,Foreshore,A14F,30C,G,Open,29,33
11/8/2021,14:55,6,Heatwave Day 3,Bluestone,A45B,30C,G,Partially open,29,33
11/8/2021,14:55,6,Heatwave Day 3,Bluestone,A56B,30C,G,Open,29,33
11/8/2021,14:55,6,Heatwave Day 3,Foreshore,A22F,30C,H,Partially open,29,33
11/8/2021,14:55,6,Heatwave Day 3,Scotts,A37S,30C,H,Open,29,33
11/8/2021,14:55,6,Heatwave Day 3,Bluestone,A51B,30C,H,Open,29,33
11/8/2021,14:55,6,Heatwave Day 3,Scotts,A38S,30C,I,Open,30,33
11/8/2021,14:55,6,Heatwave Day 3,Bluestone,A50B,30C,I,Open,30,33
11/8/2021,14:55,6,Heatwave Day 3,Bluestone,A60B,30C,I,Partially open,30,33
11/8/2021,14:55,6,Heatwave Day 3,Foreshore,A1F,30C,J,Partially open,30,33
11/8/2021,14:55,6,Heatwave Day 3,Foreshore,A23F,30C,J,Partially open,30,33
11/8/2021,14:55,6,Heatwave Day 3,Foreshore,A5F,30C,J,Open,30,33
11/8/2021,14:45,6,Heatwave Day 3,Foreshore,A18F,Control,K,Open,13,13
11/8/2021,14:45,6,Heatwave Day 3,Foreshore,A19F,Control,K,Open,13,13
11/8/2021,14:45,6,Heatwave Day 3,Scotts,A39S,Control,K,Open,13,13
11/8/2021,14:45,6,Heatwave Day 3,Foreshore,A12F,Control,L,Open,13,13
11/8/2021,14:45,6,Heatwave Day 3,Foreshore,A3F,Control,L,Open,13,13
11/8/2021,14:45,6,Heatwave Day 3,Bluestone,A57B,Control,L,Open,13,13
11/8/2021,14:45,6,Heatwave Day 3,Foreshore,A24F,Control,M,Open,13,13
11/8/2021,14:45,6,Heatwave Day 3,Bluestone,A43B,Control,M,Open,13,13
11/8/2021,14:45,6,Heatwave Day 3,Bluestone,A59B,Control,M,Open,13,13
11/8/2021,14:45,6,Heatwave Day 3,Foreshore,A10F,Control,N,Open,13,13
11/8/2021,14:45,6,Heatwave Day 3,Scotts,A29S,Control,N,Open,13,13
11/8/2021,14:45,6,Heatwave Day 3,Foreshore,A2F,Control,N,Open,13,13
11/8/2021,14:45,6,Heatwave Day 3,Foreshore,A21F,Control,O,Open,13,13
11/8/2021,14:45,6,Heatwave Day 3,Scotts,A27S,Control,O,Partially open,13,13
11/8/2021,14:45,6,Heatwave Day 3,Bluestone,A54B,Control,O,Open,13,13
